,Frequency, Formatted Data, Formatted Data.1
0,700000000.0,-1.52412675282,84.2005975796
1,702302302.302,-1.52399583075,83.8178751761
2,704604604.605,-1.53215118452,83.4970156966
3,706906906.907,-1.53432152294,83.1835543626
4,709209209.209,-1.54437056654,82.7512265908
5,711511511.512,-1.53881362605,82.4484250067
6,713813813.814,-1.54039907699,82.0684985812
7,716116116.116,-1.5416578922,81.7416267527
8,718418418.418,-1.52576027727,81.3400642969
9,720720720.721,-1.53021790392,80.9425499719
10,723023023.023,-1.52801211236,80.5415374477
11,725325325.325,-1.52222967161,80.2088909287
12,727627627.628,-1.53614913457,79.8813702068
13,729929929.93,-1.53356815885,79.4904702748
14,732232232.232,-1.52878894243,79.1646769128
15,734534534.535,-1.5394198865,78.806264085
16,736836836.837,-1.53895071444,78.4212098529
17,739139139.139,-1.54313917816,78.0517272481
18,741441441.441,-1.53308594711,77.6926988653
19,743743743.744,-1.52555801535,77.3497445655
20,746046046.046,-1.52843758955,76.9229044592
21,748348348.348,-1.53516926745,76.6682454276
22,750650650.651,-1.54068197292,76.2880354666
23,752952952.953,-1.53972596469,75.8938474493
24,755255255.255,-1.53988695266,75.5532683107
25,757557557.558,-1.54804546753,75.1942402723
26,759859859.86,-1.54801287296,74.8406680529
27,762162162.162,-1.5406394569,74.4612243196
28,764464464.464,-1.54779587583,74.1249529455
29,766766766.767,-1.54281869761,73.7895202516
30,769069069.069,-1.55055083459,73.3889352709
31,771371371.371,-1.54289657159,73.0689312361
32,773673673.674,-1.5543590003,72.6548712947
33,775975975.976,-1.55244952355,72.2494714648
34,778278278.278,-1.55790569628,71.8819935535
35,780580580.581,-1.54980169307,71.5084783618
36,782882882.883,-1.55147335181,71.1003559112
37,785185185.185,-1.55006068562,70.7383441983
38,787487487.487,-1.56633910346,70.3895437801
39,789789789.79,-1.56178585824,70.075943865
40,792092092.092,-1.56354903621,69.6908521949
41,794394394.394,-1.56253067637,69.3150827215
42,796696696.697,-1.56704857175,68.9633215367
43,798998998.999,-1.56107493608,68.6167105733
44,801301301.301,-1.56040468156,68.2359303161
45,803603603.604,-1.56595031261,67.7908464983
46,805905905.906,-1.56317687953,67.4411177151
47,808208208.208,-1.57122565903,67.0425408199
48,810510510.511,-1.56925609527,66.6974522503
49,812812812.813,-1.56529519011,66.3521826463
50,815115115.115,-1.57178845258,65.9456510139
51,817417417.417,-1.57352279826,65.5931937629
52,819719719.72,-1.57952693831,65.21896719
53,822022022.022,-1.5755897762,64.8498111428
54,824324324.324,-1.58103141039,64.4820475362
55,826626626.627,-1.58263287337,64.0759513454
56,828928928.929,-1.57538375448,63.7017985927
57,831231231.231,-1.57440082802,63.3881825446
58,833533533.534,-1.58219503165,63.0161352627
59,835835835.836,-1.57422347143,62.6161160857
60,838138138.138,-1.57564508759,62.2784003835
61,840440440.44,-1.58173520204,61.8976132652
62,842742742.743,-1.57513685307,61.5213633699
63,845045045.045,-1.58463410871,61.136491233
64,847347347.347,-1.58441268089,60.7610973772
65,849649649.65,-1.57829822465,60.4355156507
66,851951951.952,-1.58468174543,60.0245711876
67,854254254.254,-1.59273525949,59.6545545318
68,856556556.557,-1.59171263016,59.2639587267
69,858858858.859,-1.58494132799,58.9095777065
70,861161161.161,-1.59281347032,58.5414290896
71,863463463.463,-1.59436430008,58.1662816913
72,865765765.766,-1.59770000772,57.7588643649
73,868068068.068,-1.59319393884,57.4680083074
74,870370370.37,-1.59574890252,57.0136930196
75,872672672.673,-1.59555847937,56.6395832406
76,874974974.975,-1.60555013122,56.246139802
77,877277277.277,-1.59759396607,55.9293535753
78,879579579.58,-1.60209251316,55.5613291731
79,881881881.882,-1.60075106459,55.1605752642
80,884184184.184,-1.59899055376,54.7939939632
81,886486486.486,-1.5973771507,54.4240203804
82,888788788.789,-1.60319856279,54.0967770596
83,891091091.091,-1.60074559024,53.6962998533
84,893393393.393,-1.59899327934,53.3628486723
85,895695695.696,-1.60410778748,52.9967213946
86,897997997.998,-1.60325201375,52.5978417292
87,900300300.3,-1.6061234807,52.2470840229
88,902602602.603,-1.60136687794,51.8634291862
89,904904904.905,-1.60880872083,51.5028821833
90,907207207.207,-1.61445106055,51.1541365969
91,909509509.51,-1.61257442502,50.793289857
92,911811811.812,-1.61405871854,50.4554605281
93,914114114.114,-1.60813732349,50.1220439475
94,916416416.416,-1.61105999082,49.7568357378
95,918718718.719,-1.60642025471,49.3049669384
96,921021021.021,-1.61537390868,48.9839470822
97,923323323.323,-1.61559572028,48.5547855339
98,925625625.626,-1.62186881206,48.2532077518
99,927927927.928,-1.61706793929,47.8552316854
100,930230230.23,-1.62068617686,47.486584268
101,932532532.533,-1.62201165861,47.1373495316
102,934834834.835,-1.62717121042,46.771774859
103,937137137.137,-1.62425480058,46.392643522
104,939439439.439,-1.61489221703,46.0323787652
105,941741741.742,-1.62223749154,45.6412026487
106,944044044.044,-1.62142441839,45.2640871595
107,946346346.346,-1.61892400874,44.8946363452
108,948648648.649,-1.61751379266,44.4996544155
109,950950950.951,-1.6253798583,44.1983925008
110,953253253.253,-1.62455901471,43.7713214694
111,955555555.556,-1.61981845163,43.4578710883
112,957857857.858,-1.6209543661,43.1211807638
113,960160160.16,-1.62549528535,42.7302033341
114,962462462.462,-1.62334926385,42.3640148998
115,964764764.765,-1.6264325791,41.9766546569
116,967067067.067,-1.61386063479,41.5827839089
117,969369369.369,-1.61699571431,41.1578923668
118,971671671.672,-1.62489825803,40.9095695175
119,973973973.974,-1.62437596118,40.481828969
120,976276276.276,-1.61870249485,40.0647722344
121,978578578.579,-1.62269603507,39.6876265147
122,980880880.881,-1.62289058511,39.3714754634
123,983183183.183,-1.62438577561,38.9610629789
124,985485485.485,-1.62814054932,38.6269203554
125,987787787.788,-1.62824800628,38.1996481275
126,990090090.09,-1.62814914482,37.8712165055
127,992392392.392,-1.62978681265,37.4831115606
128,994694694.695,-1.61418016184,37.1204321677
129,996996996.997,-1.61649334403,36.7700764414
130,999299299.299,-1.61206172233,36.3787976841
131,1001601601.6,-1.6214576608,35.9595579404
132,1003903903.9,-1.62578071563,35.6212351923
133,1006206206.21,-1.62479654751,35.248203142
134,1008508508.51,-1.626474514,34.8999084358
135,1010810810.81,-1.62986450395,34.5375908653
136,1013113113.11,-1.62315422225,34.1648922793
137,1015415415.42,-1.63006133722,33.7263259767
138,1017717717.72,-1.62276485375,33.3329493122
139,1020020020.02,-1.63069814301,32.9947700597
140,1022322322.32,-1.62431332669,32.6379324626
141,1024624624.62,-1.6208511515,32.2431524631
142,1026926926.93,-1.62525851593,31.9129061075
143,1029229229.23,-1.61984036426,31.4907034156
144,1031531531.53,-1.61556085214,31.1075244998
145,1033833833.83,-1.61562959871,30.7288381551
146,1036136136.14,-1.62492969139,30.3763197598
147,1038438438.44,-1.62106384213,29.9697011084
148,1040740740.74,-1.62794508588,29.6649408976
149,1043043043.04,-1.62696835193,29.2565754901
150,1045345345.35,-1.62725273197,28.931135599
151,1047647647.65,-1.63466242881,28.5254685981
152,1049949949.95,-1.62013762888,28.1350504501
153,1052252252.25,-1.62167853859,27.7661108095
154,1054554554.55,-1.62499351218,27.3439332138
155,1056856856.86,-1.62105665542,27.0622843064
156,1059159159.16,-1.61875944177,26.6913233077
157,1061461461.46,-1.62771315592,26.3187106625
158,1063763763.76,-1.62932962048,25.9191804372
159,1066066066.07,-1.63043784539,25.5788366328
160,1068368368.37,-1.62666997586,25.1531224388
161,1070670670.67,-1.62996347837,24.7801535967
162,1072972972.97,-1.62473382363,24.4254075651
163,1075275275.28,-1.62926677973,24.0161132628
164,1077577577.58,-1.62741837396,23.6944990756
165,1079879879.88,-1.62631435154,23.3140136976
166,1082182182.18,-1.61849054188,22.9285195622
167,1084484484.48,-1.62347216672,22.6193235809
168,1086786786.79,-1.62204344574,22.1986013161
169,1089089089.09,-1.62302457369,21.7978188002
170,1091391391.39,-1.62772607098,21.5082278307
171,1093693693.69,-1.63073106651,21.1334777866
172,1095995996.0,-1.61795778576,20.7780493835
173,1098298298.3,-1.62465638205,20.3948586033
174,1100600600.6,-1.62755512307,19.9977689178
175,1102902902.9,-1.62456674284,19.6196573043
176,1105205205.21,-1.63203279729,19.2524940246
177,1107507507.51,-1.62847992308,18.8392079417
178,1109809809.81,-1.62640071536,18.5128603962
179,1112112112.11,-1.62731778968,18.098984909
180,1114414414.41,-1.63925406449,17.7594024385
181,1116716716.72,-1.62687721733,17.3788646042
182,1119019019.02,-1.63451247158,17.0553190749
183,1121321321.32,-1.63325296464,16.6656618213
184,1123623623.62,-1.62976667932,16.2916891343
185,1125925925.93,-1.62857901281,15.959542934
186,1128228228.23,-1.63057947246,15.5554051955
187,1130530530.53,-1.63533291078,15.1804502157
188,1132832832.83,-1.62585810234,14.777970321
189,1135135135.14,-1.62819329154,14.4980948202
190,1137437437.44,-1.62554386793,14.0806094989
191,1139739739.74,-1.61473935096,13.7366920208
192,1142042042.04,-1.63148978419,13.4066584138
193,1144344344.34,-1.63861660209,13.0240274561
194,1146646646.65,-1.63431651473,12.7002639966
195,1148948948.95,-1.62292617875,12.3315384487
196,1151251251.25,-1.63244972178,11.9840843224
197,1153553553.55,-1.62754796607,11.6681288071
198,1155855855.86,-1.63040629818,11.3692338368
199,1158158158.16,-1.63306390355,10.9177741132
200,1160460460.46,-1.6341410079,10.5984447599
201,1162762762.76,-1.62627141447,10.2420341549
202,1165065065.07,-1.63441002698,9.86853215234
203,1167367367.37,-1.6291717517,9.48399773924
204,1169669669.67,-1.62005327515,9.01486356399
205,1171971971.97,-1.62233594957,8.70151707484
206,1174274274.27,-1.62705521615,8.28677808514
207,1176576576.58,-1.63166497389,7.97722922816
208,1178878878.88,-1.62150305916,7.58027335755
209,1181181181.18,-1.62859419105,7.25217002159
210,1183483483.48,-1.61989913277,6.87054139657
211,1185785785.79,-1.62894314309,6.60397147956
212,1188088088.09,-1.621760519,6.17250755769
213,1190390390.39,-1.62395969256,5.95249976674
214,1192692692.69,-1.62001467802,5.57409270642
215,1194994994.99,-1.62925406115,5.22214936384
216,1197297297.3,-1.62831177198,4.86519386452
217,1199599599.6,-1.62471603489,4.42944604601
218,1201901901.9,-1.62206918504,4.16323878497
219,1204204204.2,-1.62416565892,3.85256287093
220,1206506506.51,-1.61686931517,3.45637361182
221,1208808808.81,-1.61436265335,3.04429467875
222,1211111111.11,-1.61345444519,2.81093601444
223,1213413413.41,-1.61296563647,2.44939077612
224,1215715715.72,-1.62712105681,2.09724732882
225,1218018018.02,-1.62014780065,1.69818103835
226,1220320320.32,-1.60972191541,1.34653992122
227,1222622622.62,-1.62353839101,1.00172616208
228,1224924924.92,-1.62182815835,0.679997607474
229,1227227227.23,-1.62210102601,0.30110111139
230,1229529529.53,-1.6245346327,-0.0417095542084
231,1231831831.83,-1.61700602037,-0.334002196451
232,1234134134.13,-1.62046925289,-0.694654751758
233,1236436436.44,-1.63250539045,-1.11402664251
234,1238738738.74,-1.62817180263,-1.45177261417
235,1241041041.04,-1.61920262664,-1.6938534753
236,1243343343.34,-1.61191889077,-2.07082772318
237,1245645645.65,-1.61909697571,-2.46451799519
238,1247947947.95,-1.61988507976,-2.78502631799
239,1250250250.25,-1.62460331521,-3.15880803721
240,1252552552.55,-1.61957559244,-3.51393033122
241,1254854854.85,-1.61839820259,-3.83742946953
242,1257157157.16,-1.61629852966,-4.15658142291
243,1259459459.46,-1.61246722195,-4.50313223923
244,1261761761.76,-1.60946520198,-4.84463288784
245,1264064064.06,-1.61540291616,-5.16459000329
246,1266366366.37,-1.61234618561,-5.48839759933
247,1268668668.67,-1.60426774178,-5.83002976584
248,1270970970.97,-1.61058962748,-6.1348238645
249,1273273273.27,-1.61153423948,-6.46361631665
250,1275575575.58,-1.6050496554,-6.82129987098
251,1277877877.88,-1.61245710272,-7.16299248747
252,1280180180.18,-1.60754113883,-7.53337482325
253,1282482482.48,-1.59918078184,-7.90826643791
254,1284784784.78,-1.59967904194,-8.14884053112
255,1287087087.09,-1.59477058544,-8.55212293408
256,1289389389.39,-1.60786013938,-8.86665068284
257,1291691691.69,-1.59462548722,-9.20116779009
258,1293993993.99,-1.60223716312,-9.50115446776
259,1296296296.3,-1.59291576743,-9.83943854016
260,1298598598.6,-1.5972694782,-10.2011850769
261,1300900900.9,-1.59503218722,-10.5445056628
262,1303203203.2,-1.59455243193,-10.8689604548
263,1305505505.51,-1.59625969418,-11.1884495881
264,1307807807.81,-1.60018378061,-11.5504521551
265,1310110110.11,-1.58839042055,-11.8496691906
266,1312412412.41,-1.59281301346,-12.1952029097
267,1314714714.71,-1.58536988825,-12.5488395433
268,1317017017.02,-1.58767558704,-12.8802152916
269,1319319319.32,-1.57813763217,-13.1498439564
270,1321621621.62,-1.5894944416,-13.4944283709
271,1323923923.92,-1.58171958909,-13.8607960395
272,1326226226.23,-1.57283950039,-14.2279119853
273,1328528528.53,-1.58374624958,-14.4993835966
274,1330830830.83,-1.58350068118,-14.9647231722
275,1333133133.13,-1.58141314696,-15.2309056299
276,1335435435.44,-1.58370054401,-15.5784505251
277,1337737737.74,-1.58580242816,-15.7911448773
278,1340040040.04,-1.58139184292,-16.1267619711
279,1342342342.34,-1.58410870441,-16.4284535012
280,1344644644.64,-1.58092286925,-16.7060041006
281,1346946946.95,-1.58091034172,-16.9971544834
282,1349249249.25,-1.57533443154,-17.3045343219
283,1351551551.55,-1.58100805622,-17.6902535306
284,1353853853.85,-1.57976969561,-18.053049077
285,1356156156.16,-1.56119532978,-18.3701399688
286,1358458458.46,-1.58175797422,-18.7464612684
287,1360760760.76,-1.57323782805,-19.0268885935
288,1363063063.06,-1.57422022927,-19.3704526612
289,1365365365.37,-1.56356744645,-19.6735302491
290,1367667667.67,-1.56164544675,-19.9491727686
291,1369969969.97,-1.55245994374,-20.313798812
292,1372272272.27,-1.5499664645,-20.576680551
293,1374574574.57,-1.55316112402,-20.8539061819
294,1376876876.88,-1.55233822264,-21.1407093248
295,1379179179.18,-1.55479962371,-21.4827391698
296,1381481481.48,-1.54678252188,-21.8074408194
297,1383783783.78,-1.54039208553,-22.1697406783
298,1386086086.09,-1.54366833368,-22.4355753433
299,1388388388.39,-1.54761033323,-22.8238822133
300,1390690690.69,-1.54763532271,-23.1707245298
301,1392992992.99,-1.53729013699,-23.4016977504
302,1395295295.3,-1.54352279064,-23.7259923462
303,1397597597.6,-1.53129795798,-24.0450146088
304,1399899899.9,-1.53442418762,-24.3476504775
305,1402202202.2,-1.53453272702,-24.6848353069
306,1404504504.5,-1.52726185648,-24.9992548981
307,1406806806.81,-1.52580622231,-25.34830256
308,1409109109.11,-1.53032243296,-25.579834914
309,1411411411.41,-1.52466942732,-25.8622097389
310,1413713713.71,-1.53143637898,-26.3010385781
311,1416016016.02,-1.52223868925,-26.5539141602
312,1418318318.32,-1.51473936163,-26.8995071012
313,1420620620.62,-1.52667106235,-27.2196527297
314,1422922922.92,-1.51598782997,-27.5580340889
315,1425225225.23,-1.52281240324,-27.7928369103
316,1427527527.53,-1.52406264983,-28.1420343832
317,1429829829.83,-1.51548872096,-28.3692316168
318,1432132132.13,-1.50938377582,-28.6897339854
319,1434434434.43,-1.51502984775,-28.9172581822
320,1436736736.74,-1.50751354897,-29.2629152919
321,1439039039.04,-1.51106561914,-29.5460616251
322,1441341341.34,-1.50061871703,-29.8374168914
323,1443643643.64,-1.49466553029,-30.1946985973
324,1445945945.95,-1.49814480289,-30.5204546076
325,1448248248.25,-1.48489177408,-30.7963777929
326,1450550550.55,-1.49793247223,-31.1828025404
327,1452852852.85,-1.49075765934,-31.3552582172
328,1455155155.16,-1.50048631784,-31.6883448175
329,1457457457.46,-1.48254122953,-31.9898890488
330,1459759759.76,-1.49947851669,-32.2875980879
331,1462062062.06,-1.49017054265,-32.5633837049
332,1464364364.36,-1.48957420974,-32.8941123824
333,1466666666.67,-1.47902084538,-33.2119037458
334,1468968968.97,-1.47554485612,-33.4978794573
335,1471271271.27,-1.48183735722,-33.7753740774
336,1473573573.57,-1.48226777796,-34.128587007
337,1475875875.88,-1.47621063328,-34.4543883835
338,1478178178.18,-1.47290369596,-34.7128461816
339,1480480480.48,-1.46904980273,-34.9811923265
340,1482782782.78,-1.47800487905,-35.3361146057
341,1485085085.09,-1.46582062259,-35.6306340919
342,1487387387.39,-1.46190359958,-35.9037519561
343,1489689689.69,-1.4561465932,-36.2619589491
344,1491991991.99,-1.46263147606,-36.5421031439
345,1494294294.29,-1.45883921487,-36.800646073
346,1496596596.6,-1.45667743327,-37.1236394744
347,1498898898.9,-1.45089963767,-37.4094132353
348,1501201201.2,-1.45481850297,-37.6799757404
349,1503503503.5,-1.44480054027,-37.9689125988
350,1505805805.81,-1.45532629819,-38.2972236551
351,1508108108.11,-1.45048583,-38.5178338349
352,1510410410.41,-1.44905427774,-38.8058005127
353,1512712712.71,-1.44950765182,-39.1121010371
354,1515015015.02,-1.44438077273,-39.3615766117
355,1517317317.32,-1.43842008321,-39.7195925754
356,1519619619.62,-1.43423119396,-39.9463465037
357,1521921921.92,-1.43282571853,-40.2708223417
358,1524224224.22,-1.43091276007,-40.5860820522
359,1526526526.53,-1.4264344218,-40.8507022197
360,1528828828.83,-1.42002031841,-41.1680532043
361,1531131131.13,-1.41312748618,-41.4239814644
362,1533433433.43,-1.40691564545,-41.6650013327
363,1535735735.74,-1.41472216671,-41.9856851215
364,1538038038.04,-1.40869928676,-42.2537392355
365,1540340340.34,-1.41236592331,-42.5104811666
366,1542642642.64,-1.40246839719,-42.7912909423
367,1544944944.94,-1.40899806636,-43.1261482665
368,1547247247.25,-1.4043135043,-43.3576812455
369,1549549549.55,-1.39766580703,-43.7029557616
370,1551851851.85,-1.4030510269,-44.005060652
371,1554154154.15,-1.39306689848,-44.2892366193
372,1556456456.46,-1.3972078674,-44.5019888915
373,1558758758.76,-1.39595551812,-44.7971131798
374,1561061061.06,-1.39980199605,-45.0708227781
375,1563363363.36,-1.39716703768,-45.3556935665
376,1565665665.67,-1.39419965949,-45.6208202349
377,1567967967.97,-1.39256626565,-45.9560095784
378,1570270270.27,-1.39153053146,-46.218205306
379,1572572572.57,-1.38000280611,-46.5144568088
380,1574874874.87,-1.37339245546,-46.7825392595
381,1577177177.18,-1.37152573957,-47.0043222837
382,1579479479.48,-1.36741522305,-47.3790730721
383,1581781781.78,-1.37166769054,-47.5736457933
384,1584084084.08,-1.37296649324,-47.8403605798
385,1586386386.39,-1.36651981027,-48.1268497006
386,1588688688.69,-1.35916864472,-48.4136561333
387,1590990990.99,-1.35797315064,-48.6808781002
388,1593293293.29,-1.3607918488,-48.9307715508
389,1595595595.6,-1.35383771541,-49.2322357399
390,1597897897.9,-1.34293910002,-49.4978529927
391,1600200200.2,-1.35575120508,-49.8536540894
392,1602502502.5,-1.3571530827,-50.1152859146
393,1604804804.8,-1.34506637125,-50.415885945
394,1607107107.11,-1.34583827809,-50.6442478076
395,1609409409.41,-1.3380209967,-50.9566880594
396,1611711711.71,-1.34618101527,-51.1713256897
397,1614014014.01,-1.34249769689,-51.4597803875
398,1616316316.32,-1.34114176014,-51.7324522141
399,1618618618.62,-1.34129890026,-52.0051751881
400,1620920920.92,-1.32724214914,-52.2088806544
401,1623223223.22,-1.32460979176,-52.5497854984
402,1625525525.53,-1.3179797965,-52.7952563068
403,1627827827.83,-1.3190289422,-53.0950201207
404,1630130130.13,-1.30115244811,-53.3465943353
405,1632432432.43,-1.29759971019,-53.6969423389
406,1634734734.73,-1.30490425964,-53.9106860821
407,1637037037.04,-1.3034519006,-54.0959742551
408,1639339339.34,-1.29798641222,-54.4040202117
409,1641641641.64,-1.30082625554,-54.6545845793
410,1643943943.94,-1.29609795568,-54.8864388506
411,1646246246.25,-1.29076074226,-55.1590207351
412,1648548548.55,-1.29207448434,-55.4424547846
413,1650850850.85,-1.29040526944,-55.7135757165
414,1653153153.15,-1.28135885018,-55.9684521915
415,1655455455.46,-1.28341257471,-56.2355492327
416,1657757757.76,-1.2827255056,-56.4788523471
417,1660060060.06,-1.28216565853,-56.7393546967
418,1662362362.36,-1.28296478891,-57.0299137754
419,1664664664.66,-1.27871940596,-57.2947607281
420,1666966966.97,-1.27400520126,-57.5125696508
421,1669269269.27,-1.26933938135,-57.8107268082
422,1671571571.57,-1.26630129764,-58.01528852
423,1673873873.87,-1.25899028007,-58.3055023089
424,1676176176.18,-1.25275310684,-58.5455478233
425,1678478478.48,-1.24786241129,-58.8103091368
426,1680780780.78,-1.25211674672,-59.0841224078
427,1683083083.08,-1.24830163871,-59.3620591435
428,1685385385.39,-1.24762547505,-59.6442510225
429,1687687687.69,-1.23834045321,-59.9382166163
430,1689989989.99,-1.2392773286,-60.10852512
431,1692292292.29,-1.22956720598,-60.4346764097
432,1694594594.59,-1.23319564306,-60.7074633649
433,1696896896.9,-1.23363092678,-60.9795794683
434,1699199199.2,-1.23347138374,-61.2300120236
435,1701501501.5,-1.22604769455,-61.4975256
436,1703803803.8,-1.22242181705,-61.7327388374
437,1706106106.11,-1.22011314099,-61.978069461
438,1708408408.41,-1.21507737835,-62.2239109377
439,1710710710.71,-1.21726852169,-62.4744559184
440,1713013013.01,-1.2086256718,-62.7197192421
441,1715315315.32,-1.21943866092,-62.97490111
442,1717617617.62,-1.20039954161,-63.217518809
443,1719919919.92,-1.19916772288,-63.5077641909
444,1722222222.22,-1.20035316318,-63.7648969033
445,1724524524.52,-1.19058799155,-64.0016511789
446,1726826826.83,-1.19155302503,-64.249095087
447,1729129129.13,-1.19109279686,-64.5503213277
448,1731431431.43,-1.19261053087,-64.7626156051
449,1733733733.73,-1.18798766939,-64.9909123904
450,1736036036.04,-1.18072604035,-65.2525726151
451,1738338338.34,-1.17912571326,-65.473664476
452,1740640640.64,-1.17564051785,-65.7325483173
453,1742942942.94,-1.16834977745,-66.013809311
454,1745245245.25,-1.17360658366,-66.2985700653
455,1747547547.55,-1.16926182466,-66.570756805
456,1749849849.85,-1.17022474258,-66.7400367292
457,1752152152.15,-1.16508775181,-67.0003419428
458,1754454454.45,-1.16289513743,-67.2988475991
459,1756756756.76,-1.16086698618,-67.5068070755
460,1759059059.06,-1.15188961095,-67.7878893006
461,1761361361.36,-1.15255009863,-68.0346231815
462,1763663663.66,-1.14896515596,-68.2712202535
463,1765965965.97,-1.13805218897,-68.4234210865
464,1768268268.27,-1.13849544228,-68.7822640969
465,1770570570.57,-1.13931675743,-69.0000943013
466,1772872872.87,-1.13907348719,-69.2643024863
467,1775175175.18,-1.13297030842,-69.5236832482
468,1777477477.48,-1.13046182967,-69.7729850777
469,1779779779.78,-1.12846774433,-69.9946681116
470,1782082082.08,-1.12330930356,-70.2534473796
471,1784384384.38,-1.11851288664,-70.5112167204
472,1786686686.69,-1.11165786319,-70.7974058159
473,1788988988.99,-1.10706382571,-70.9809766158
474,1791291291.29,-1.10296496427,-71.2971292721
475,1793593593.59,-1.10392847902,-71.5297650063
476,1795895895.9,-1.10670881828,-71.7635435115
477,1798198198.2,-1.10150507951,-72.0695301863
478,1800500500.5,-1.09531831725,-72.2449755354
479,1802802802.8,-1.0951721131,-72.5392585534
480,1805105105.11,-1.09496529207,-72.7828793324
481,1807407407.41,-1.08930590085,-73.0276813373
482,1809709709.71,-1.09227877287,-73.1880392533
483,1812012012.01,-1.08392803335,-73.427350525
484,1814314314.31,-1.08882589213,-73.7115571138
485,1816616616.62,-1.09018599514,-73.9043596831
486,1818918918.92,-1.08465003014,-74.2089283329
487,1821221221.22,-1.07275355317,-74.4027655827
488,1823523523.52,-1.06942025514,-74.6123561656
489,1825825825.83,-1.07649382976,-74.8463392724
490,1828128128.13,-1.06705820515,-75.1213726562
491,1830430430.43,-1.0617139389,-75.3339529981
492,1832732732.73,-1.05951043172,-75.609151174
493,1835035035.04,-1.06496877174,-75.8662999578
494,1837337337.34,-1.06264683429,-76.0967226676
495,1839639639.64,-1.05719993094,-76.3277922759
496,1841941941.94,-1.05105184015,-76.5987737487
497,1844244244.24,-1.05166954638,-76.8592294599
498,1846546546.55,-1.04412202989,-77.129482481
499,1848848848.85,-1.03989763766,-77.3135966936
500,1851151151.15,-1.03037230193,-77.5418626034
501,1853453453.45,-1.02804873131,-77.81876206
502,1855755755.76,-1.02528316998,-78.0643018829
503,1858058058.06,-1.02991331463,-78.2557855514
504,1860360360.36,-1.02061210425,-78.5177877976
505,1862662662.66,-1.02763113183,-78.7187934388
506,1864964964.96,-1.01372036396,-78.9755648653
507,1867267267.27,-1.01407333711,-79.2544066355
508,1869569569.57,-1.01938286139,-79.5169610765
509,1871871871.87,-1.01386975568,-79.731084226
510,1874174174.17,-1.00953832063,-79.9962136753
511,1876476476.48,-1.00768406613,-80.1891164072
512,1878778778.78,-1.00020412666,-80.4549244569
513,1881081081.08,-1.00034410556,-80.7292302979
514,1883383383.38,-0.9950281908,-80.9833759114
515,1885685685.69,-0.991087593838,-81.170783122
516,1887987987.99,-0.994122939771,-81.3925817692
517,1890290290.29,-0.987260934178,-81.6920349778
518,1892592592.59,-0.989091122793,-81.9222391031
519,1894894894.89,-0.988488250519,-82.0475893351
520,1897197197.2,-0.995269273524,-82.3545793127
521,1899499499.5,-0.982590864691,-82.544272947
522,1901801801.8,-0.97295847747,-82.7869268839
523,1904104104.1,-0.972476938586,-83.0406324549
524,1906406406.41,-0.978956245557,-83.2828173895
525,1908708708.71,-0.970010615238,-83.5106912188
526,1911011011.01,-0.9691601778,-83.7630345026
527,1913313313.31,-0.961777673573,-83.9841733403
528,1915615615.62,-0.965208316783,-84.1748944841
529,1917917917.92,-0.960491725571,-84.4412497258
530,1920220220.22,-0.957350483719,-84.6321393952
531,1922522522.52,-0.952427489,-84.8942828538
532,1924824824.82,-0.95151528925,-85.1112256238
533,1927127127.13,-0.944373817051,-85.352665974
534,1929429429.43,-0.943904814835,-85.6251438372
535,1931731731.73,-0.934789293695,-85.7870070752
536,1934034034.03,-0.942543969962,-86.0439993983
537,1936336336.34,-0.934294357523,-86.3066656366
538,1938638638.64,-0.927156522825,-86.5541450197
539,1940940940.94,-0.936820835294,-86.7405895869
540,1943243243.24,-0.92640440448,-87.0003110782
541,1945545545.55,-0.91640606488,-87.1788793569
542,1947847847.85,-0.921035549914,-87.4250436626
543,1950150150.15,-0.916636078392,-87.6865540132
544,1952452452.45,-0.910761846612,-87.8885221545
545,1954754754.75,-0.909184840265,-88.1118047158
546,1957057057.06,-0.904757842575,-88.318406609
547,1959359359.36,-0.90100027176,-88.5995310679
548,1961661661.66,-0.893614169399,-88.7748274129
549,1963963963.96,-0.891413867252,-89.0319703534
550,1966266266.27,-0.895502538622,-89.2741974994
551,1968568568.57,-0.889370854744,-89.4458587777
552,1970870870.87,-0.887811272952,-89.7093001913
553,1973173173.17,-0.882938147088,-89.9715067092
554,1975475475.48,-0.883508591691,-90.1478778084
555,1977777777.78,-0.877051919236,-90.4330754507
556,1980080080.08,-0.872086428661,-90.6176753357
557,1982382382.38,-0.869847223684,-90.8402905001
558,1984684684.68,-0.866103845408,-91.0776659557
559,1986986986.99,-0.867886626051,-91.3131270528
560,1989289289.29,-0.863511692188,-91.5021640088
561,1991591591.59,-0.859403602565,-91.7125815275
562,1993893893.89,-0.854663139914,-91.9526128087
563,1996196196.2,-0.859711755662,-92.2001474377
564,1998498498.5,-0.856482293001,-92.4879132088
565,2000800800.8,-0.859094177184,-92.6347470884
566,2003103103.1,-0.849062287114,-92.8791627597
567,2005405405.41,-0.849344439608,-93.1069403272
568,2007707707.71,-0.849982525302,-93.3140621866
569,2010010010.01,-0.848507907389,-93.5363801952
570,2012312312.31,-0.839381479389,-93.7644784549
571,2014614614.61,-0.832311148639,-94.0276312687
572,2016916916.92,-0.831586083334,-94.1929418723
573,2019219219.22,-0.832874259607,-94.3879029495
574,2021521521.52,-0.820995037384,-94.6412234216
575,2023823823.82,-0.814337961313,-94.7985624619
576,2026126126.13,-0.822937738227,-95.0083366003
577,2028428428.43,-0.813932874704,-95.2412617898
578,2030730730.73,-0.817433965814,-95.3918046487
579,2033033033.03,-0.820200774971,-95.6637449433
580,2035335335.34,-0.815227875673,-95.9077574152
581,2037637637.64,-0.810207136559,-96.152924349
582,2039939939.94,-0.813120282858,-96.3546253118
583,2042242242.24,-0.802170590679,-96.5869121452
584,2044544544.54,-0.806081359386,-96.7722806497
585,2046846846.85,-0.802535702858,-96.9781946197
586,2049149149.15,-0.804962687384,-97.2157636374
587,2051451451.45,-0.800389467297,-97.396007621
588,2053753753.75,-0.790872539327,-97.6599647726
589,2056056056.06,-0.786683947629,-97.8533103956
590,2058358358.36,-0.778899978408,-98.0623825895
591,2060660660.66,-0.779951256553,-98.2637048475
592,2062962962.96,-0.787259274436,-98.5216544822
593,2065265265.27,-0.773887227179,-98.7312274812
594,2067567567.57,-0.769550362319,-98.941549477
595,2069869869.87,-0.758426441441,-99.1571263787
596,2072172172.17,-0.773470888059,-99.3579129128
597,2074474474.47,-0.771234193876,-99.6306451097
598,2076776776.78,-0.767606083699,-99.7986415246
599,2079079079.08,-0.757435144157,-100.074457463
600,2081381381.38,-0.758630211051,-100.278467695
601,2083683683.68,-0.764813939642,-100.472682097
602,2085985985.99,-0.752814347747,-100.679334004
603,2088288288.29,-0.756669555171,-100.927559901
604,2090590590.59,-0.752774477741,-101.074049961
605,2092892892.89,-0.7452573449,-101.303860434
606,2095195195.2,-0.743257116243,-101.527075198
607,2097497497.5,-0.741090847455,-101.768331225
608,2099799799.8,-0.734447226355,-101.953272657
609,2102102102.1,-0.740243479934,-102.152834956
610,2104404404.4,-0.726357171977,-102.385222421
611,2106706706.71,-0.726299511666,-102.499593875
612,2109009009.01,-0.731312031388,-102.741655574
613,2111311311.31,-0.727637441899,-102.947326839
614,2113613613.61,-0.712006034217,-103.111913734
615,2115915915.92,-0.707829829552,-103.371897617
616,2118218218.22,-0.720734556581,-103.581320175
617,2120520520.52,-0.712656803916,-103.819905951
618,2122822822.82,-0.711229188186,-104.03109957
619,2125125125.13,-0.703713623673,-104.278383634
620,2127427427.43,-0.698357104328,-104.489884806
621,2129729729.73,-0.701186922743,-104.675580611
622,2132032032.03,-0.705776739498,-104.862803111
623,2134334334.33,-0.702975421491,-105.048536112
624,2136636636.64,-0.691375762065,-105.260798094
625,2138938938.94,-0.703616139403,-105.495586365
626,2141241241.24,-0.705795669256,-105.707782187
627,2143543543.54,-0.697895625896,-105.893545874
628,2145845845.85,-0.694850710687,-106.121444704
629,2148148148.15,-0.702363655189,-106.272231908
630,2150450450.45,-0.698710449359,-106.494132384
631,2152752752.75,-0.685684543167,-106.736882278
632,2155055055.06,-0.691536155462,-106.899254848
633,2157357357.36,-0.681250907133,-107.112313166
634,2159659659.66,-0.67107047419,-107.300771749
635,2161961961.96,-0.667594565158,-107.527059558
636,2164264264.26,-0.666794002567,-107.779105906
637,2166566566.57,-0.663613373591,-107.938109723
638,2168868868.87,-0.668764199418,-108.196870782
639,2171171171.17,-0.656280610762,-108.371385227
640,2173473473.47,-0.652125392198,-108.590463823
641,2175775775.78,-0.650219935187,-108.793498057
642,2178078078.08,-0.654975215079,-108.958527729
643,2180380380.38,-0.648960786573,-109.178320175
644,2182682682.68,-0.647830404633,-109.393966131
645,2184984984.98,-0.643562756987,-109.582201424
646,2187287287.29,-0.643069237166,-109.758390455
647,2189589589.59,-0.639819187522,-109.992539152
648,2191891891.89,-0.634339933461,-110.158566914
649,2194194194.19,-0.624082323251,-110.40311702
650,2196496496.5,-0.630869119895,-110.59343911
651,2198798798.8,-0.626923089155,-110.807502708
652,2201101101.1,-0.633108905785,-111.016902491
653,2203403403.4,-0.631893899239,-111.175528551
654,2205705705.71,-0.634659862147,-111.403373439
655,2208008008.01,-0.622249678503,-111.618423829
656,2210310310.31,-0.630032131013,-111.822628209
657,2212612612.61,-0.627412134821,-112.043740713
658,2214914914.91,-0.628801944573,-112.221549293
659,2217217217.22,-0.614561299352,-112.407678498
660,2219519519.52,-0.610973943735,-112.609983161
661,2221821821.82,-0.617857969986,-112.853956479
662,2224124124.12,-0.607295142166,-113.000234195
663,2226426426.43,-0.617037725811,-113.206572998
664,2228728728.73,-0.603378643427,-113.491167213
665,2231031031.03,-0.606102765559,-113.664716471
666,2233333333.33,-0.605003774943,-113.817555954
667,2235635635.64,-0.598500084213,-114.000922655
668,2237937937.94,-0.595063177846,-114.226486308
669,2240240240.24,-0.600624827999,-114.422396043
670,2242542542.54,-0.59736087755,-114.627038132
671,2244844844.84,-0.60176625738,-114.774898252
672,2247147147.15,-0.589727792134,-115.027190518
673,2249449449.45,-0.581910326583,-115.226716319
674,2251751751.75,-0.584938470828,-115.475998779
675,2254054054.05,-0.591148319658,-115.68353861
676,2256356356.36,-0.580185272603,-115.859907182
677,2258658658.66,-0.576788337284,-116.084390854
678,2260960960.96,-0.58089950866,-116.260925726
679,2263263263.26,-0.580791853347,-116.462812146
680,2265565565.57,-0.57325236978,-116.675769416
681,2267867867.87,-0.574379608287,-116.90128356
682,2270170170.17,-0.572527766148,-117.051309896
683,2272472472.47,-0.564312100696,-117.309908595
684,2274774774.77,-0.564400413026,-117.455591894
685,2277077077.08,-0.568350480761,-117.658331344
686,2279379379.38,-0.563982645003,-117.889639544
687,2281681681.68,-0.558610175423,-118.073846712
688,2283983983.98,-0.561516483449,-118.252831491
689,2286286286.29,-0.560839921353,-118.472196288
690,2288588588.59,-0.564028313533,-118.667160586
691,2290890890.89,-0.55344289491,-118.915795162
692,2293193193.19,-0.549030848032,-119.089755031
693,2295495495.5,-0.551513285071,-119.25713069
694,2297797797.8,-0.545487756849,-119.413089981
695,2300100100.1,-0.54319372343,-119.676124312
696,2302402402.4,-0.539747938572,-119.834596909
697,2304704704.7,-0.536997127532,-120.049780247
698,2307007007.01,-0.545302747119,-120.255480567
699,2309309309.31,-0.541099636404,-120.449975885
700,2311611611.61,-0.540581688867,-120.617709429
701,2313913913.91,-0.533513644351,-120.824046588
702,2316216216.22,-0.533496584169,-121.01520261
703,2318518518.52,-0.529965152293,-121.177808663
704,2320820820.82,-0.536226933264,-121.395400005
705,2323123123.12,-0.525201610244,-121.574720462
706,2325425425.43,-0.528968145591,-121.770705785
707,2327727727.73,-0.532128601535,-121.992949099
708,2330030030.03,-0.533321403617,-122.170118368
709,2332332332.33,-0.530205758063,-122.365141579
710,2334634634.63,-0.521904515011,-122.593126736
711,2336936936.94,-0.517344390079,-122.790632407
712,2339239239.24,-0.518499117384,-122.983522488
713,2341541541.54,-0.520807062344,-123.120908476
714,2343843843.84,-0.515100725942,-123.372679314
715,2346146146.15,-0.502974489469,-123.562717307
716,2348448448.45,-0.508765525399,-123.779598764
717,2350750750.75,-0.510255028799,-123.978109555
718,2353053053.05,-0.508714735581,-124.123629743
719,2355355355.36,-0.507073587567,-124.303306954
720,2357657657.66,-0.512434975387,-124.546007655
721,2359959959.96,-0.498317338647,-124.721501969
722,2362262262.26,-0.500374167624,-124.963712318
723,2364564564.56,-0.497826475352,-125.223633737
724,2366866866.87,-0.486881115535,-125.435991839
725,2369169169.17,-0.488419544831,-125.630206242
726,2371471471.47,-0.488262046297,-125.820784135
727,2373773773.77,-0.500021098252,-125.988948522
728,2376076076.08,-0.494032968244,-126.177164249
729,2378378378.38,-0.495848365928,-126.347366385
730,2380680680.68,-0.489656137023,-126.562652805
731,2382982982.98,-0.495765878311,-126.778239009
732,2385285285.29,-0.496552490859,-126.938591008
733,2387587587.59,-0.497145408258,-127.157515198
734,2389889889.89,-0.492394418487,-127.374252968
735,2392192192.19,-0.493135809942,-127.590882859
736,2394494494.49,-0.492611179957,-127.824015602
737,2396796796.8,-0.494278860105,-128.048823546
738,2399099099.1,-0.495265257177,-128.278092536
739,2401401401.4,-0.483044042768,-128.447784074
740,2403703703.7,-0.487994232965,-128.648078771
741,2406006006.01,-0.489205379564,-128.807958004
742,2408308308.31,-0.480179888379,-129.007519249
743,2410610610.61,-0.482924402459,-129.193624027
744,2412912912.91,-0.484111890547,-129.391190901
745,2415215215.22,-0.490058036901,-129.57247096
746,2417517517.52,-0.487548700604,-129.753701669
747,2419819819.82,-0.483584767167,-129.969100689
748,2422122122.12,-0.494323539633,-130.166824209
749,2424424424.42,-0.491534218912,-130.360836805
750,2426726726.73,-0.494036826265,-130.556555666
751,2429029029.03,-0.496779191728,-130.794949762
752,2431331331.33,-0.492237714826,-130.985942541
753,2433633633.63,-0.498624480203,-131.10996545
754,2435935935.94,-0.498659571357,-131.319596518
755,2438238238.24,-0.49772970843,-131.55990825
756,2440540540.54,-0.494760846567,-131.760774102
757,2442842842.84,-0.492819319419,-131.964870209
758,2445145145.15,-0.492283912321,-132.105751353
759,2447447447.45,-0.489450936068,-132.328257236
760,2449749749.75,-0.491835175427,-132.502270437
761,2452052052.05,-0.488631581123,-132.746963824
762,2454354354.35,-0.489202023658,-132.896594156
763,2456656656.66,-0.492529960458,-133.094027358
764,2458958958.96,-0.49048034327,-133.298774012
765,2461261261.26,-0.492897945815,-133.499670386
766,2463563563.56,-0.488930096812,-133.660081098
767,2465865865.87,-0.495591864467,-133.918265208
768,2468168168.17,-0.496203833986,-134.062777591
769,2470470470.47,-0.490220462435,-134.280517672
770,2472772772.77,-0.493443859428,-134.45599748
771,2475075075.08,-0.494983061195,-134.654599208
772,2477377377.38,-0.499557514479,-134.869417738
773,2479679679.68,-0.501805145285,-134.979497384
774,2481981981.98,-0.509632728342,-135.15950677
775,2484284284.28,-0.506367583579,-135.344667604
776,2486586586.59,-0.507728858093,-135.588447264
777,2488888888.89,-0.509205858358,-135.74737907
778,2491191191.19,-0.506240217852,-135.930790334
779,2493493493.49,-0.513649147738,-136.120615395
780,2495795795.8,-0.513472813177,-136.313372189
781,2498098098.1,-0.520071057279,-136.484165867
782,2500400400.4,-0.513410935578,-136.717137134
783,2502702702.7,-0.512709643003,-136.949463158
784,2505005005.01,-0.509830852506,-137.100822839
785,2507307307.31,-0.514593907265,-137.302311523
786,2509609609.61,-0.520144917907,-137.506331233
787,2511911911.91,-0.507516568713,-137.658893235
788,2514214214.21,-0.512631165709,-137.871357071
789,2516516516.52,-0.517847164781,-138.037534658
790,2518818818.82,-0.519297856639,-138.195778597
791,2521121121.12,-0.512040637404,-138.380260902
792,2523423423.42,-0.51714902855,-138.611577748
793,2525725725.73,-0.516341254819,-138.789146488
794,2528028028.03,-0.51724308151,-139.01027459
795,2530330330.33,-0.51625065944,-139.127595958
796,2532632632.63,-0.520180682645,-139.341254546
797,2534934934.93,-0.518744869969,-139.514425702
798,2537237237.24,-0.518514632853,-139.785543329
799,2539539539.54,-0.523972871387,-139.88914983
800,2541841841.84,-0.528387008281,-140.134541421
801,2544144144.14,-0.522167779293,-140.298132445
802,2546446446.45,-0.525053424559,-140.499115317
803,2548748748.75,-0.52859347965,-140.732309106
804,2551051051.05,-0.534086967244,-140.893714127
805,2553353353.35,-0.541353870026,-141.052411004
806,2555655655.66,-0.533312773634,-141.287263826
807,2557957957.96,-0.538506062802,-141.486452102
808,2560260260.26,-0.537494351422,-141.663559614
809,2562562562.56,-0.54609749255,-141.864832495
810,2564864864.86,-0.547112163942,-142.046870852
811,2567167167.17,-0.547172967356,-142.2748523
812,2569469469.47,-0.54614470093,-142.469091895
813,2571771771.77,-0.546063553613,-142.723458344
814,2574074074.07,-0.551679143989,-142.883644848
815,2576376376.38,-0.558251939262,-143.078405284
816,2578678678.68,-0.556436896154,-143.258621858
817,2580980980.98,-0.555645328149,-143.427259836
818,2583283283.28,-0.563722999567,-143.664552263
819,2585585585.59,-0.563351146851,-143.805113259
820,2587887887.89,-0.561051994993,-144.012362745
821,2590190190.19,-0.571618583941,-144.207093224
822,2592492492.49,-0.567423651023,-144.387465738
823,2594794794.79,-0.558651223359,-144.603053913
824,2597097097.1,-0.570073604718,-144.784138655
825,2599399399.4,-0.575921042212,-145.003080194
826,2601701701.7,-0.578177998983,-145.161541015
827,2604004004.0,-0.592261518396,-145.413978226
828,2606306306.31,-0.582257127649,-145.596283296
829,2608608608.61,-0.590076284882,-145.781003944
830,2610910910.91,-0.594433263939,-145.978584358
831,2613213213.21,-0.60407122449,-146.175760297
832,2615515515.52,-0.600991315582,-146.42566507
833,2617817817.82,-0.610326059207,-146.571990439
834,2620120120.12,-0.613924920099,-146.772423458
835,2622422422.42,-0.612673681849,-146.989256133
836,2624724724.72,-0.611254323248,-147.197113033
837,2627027027.03,-0.613859874768,-147.363814032
838,2629329329.33,-0.623407104576,-147.576896686
839,2631631631.63,-0.634584064569,-147.81440879
840,2633933933.93,-0.628452413959,-147.931414805
841,2636236236.24,-0.637468508045,-148.169571272
842,2638538538.54,-0.636471945819,-148.348350641
843,2640840840.84,-0.643506845896,-148.597443183
844,2643143143.14,-0.642834061109,-148.748400737
845,2645445445.45,-0.642215955307,-148.967468082
846,2647747747.75,-0.641303145642,-149.170603895
847,2650050050.05,-0.649335174702,-149.392567718
848,2652352352.35,-0.65512768374,-149.563540315
849,2654654654.65,-0.661860342569,-149.799462934
850,2656956956.96,-0.663758528187,-150.021158933
851,2659259259.26,-0.667913877798,-150.215778433
852,2661561561.56,-0.67738998683,-150.462620733
853,2663863863.86,-0.685959128343,-150.638102115
854,2666166166.17,-0.687240075101,-150.818128953
855,2668468468.47,-0.688522338686,-151.050762387
856,2670770770.77,-0.691852142984,-151.237373622
857,2673073073.07,-0.695522672477,-151.486141419
858,2675375375.38,-0.699232614539,-151.628041872
859,2677677677.68,-0.706284056768,-151.810422743
860,2679979979.98,-0.705189050621,-152.036587225
861,2682282282.28,-0.727962571154,-152.235243646
862,2684584584.58,-0.721619798109,-152.482832268
863,2686886886.89,-0.73548400028,-152.692675575
864,2689189189.19,-0.739836815178,-152.868146202
865,2691491491.49,-0.74515603737,-153.107308172
866,2693793793.79,-0.756039175615,-153.288301917
867,2696096096.1,-0.767501501847,-153.512390857
868,2698398398.4,-0.77700381657,-153.721002657
869,2700700700.7,-0.777633415617,-153.993138272
870,2703003003.0,-0.786062600429,-154.184982682
871,2705305305.31,-0.800062068043,-154.384976973
872,2707607607.61,-0.803014220407,-154.608327207
873,2709909909.91,-0.811848580474,-154.805484356
874,2712212212.21,-0.816516131194,-155.007570164
875,2714514514.51,-0.824053121822,-155.245461764
876,2716816816.82,-0.833930407194,-155.423289203
877,2719119119.12,-0.841272943719,-155.618547495
878,2721421421.42,-0.855805757903,-155.823338685
879,2723723723.72,-0.860942071052,-156.05452352
880,2726026026.03,-0.874902436942,-156.305765621
881,2728328328.33,-0.884476879962,-156.514743997
882,2730630630.63,-0.890028891375,-156.730212443
883,2732932932.93,-0.895931368593,-156.951620366
884,2735235235.24,-0.904701616558,-157.178561856
885,2737537537.54,-0.91763293971,-157.316726481
886,2739839839.84,-0.928250076165,-157.531363514
887,2742142142.14,-0.936241715708,-157.747560531
888,2744444444.44,-0.951086512056,-157.931896041
889,2746746746.75,-0.961913848016,-158.131991116
890,2749049049.05,-0.965273267552,-158.349357964
891,2751351351.35,-0.978174394205,-158.623435845
892,2753653653.65,-0.99246097412,-158.832268061
893,2755955955.96,-0.998447336042,-159.039303034
894,2758258258.26,-1.01043595969,-159.262851439
895,2760560560.56,-1.03084413138,-159.488899255
896,2762862862.86,-1.04557238718,-159.687658326
897,2765165165.17,-1.05666501927,-159.926469668
898,2767467467.47,-1.06801790855,-160.154861216
899,2769769769.77,-1.08436581627,-160.345476287
900,2772072072.07,-1.09987762911,-160.573442962
901,2774374374.37,-1.11526586627,-160.782819108
902,2776676676.68,-1.13106515811,-161.085315485
903,2778978978.98,-1.14459198384,-161.21891093
904,2781281281.28,-1.16365538615,-161.45820328
905,2783583583.58,-1.18368352105,-161.702588
906,2785885885.89,-1.20059305644,-161.878651786
907,2788188188.19,-1.21720613599,-162.052450536
908,2790490490.49,-1.23468744259,-162.273665823
909,2792792792.79,-1.26186832219,-162.472841173
910,2795095095.1,-1.27374999938,-162.737031155
911,2797397397.4,-1.29436495419,-162.945676073
912,2799699699.7,-1.31723352688,-163.177148499
913,2802002002.0,-1.33679956818,-163.393225397
914,2804304304.3,-1.36097926419,-163.583091937
915,2806606606.61,-1.37811825717,-163.842455334
916,2808908908.91,-1.40274035655,-163.999510668
917,2811211211.21,-1.4334985872,-164.22030838
918,2813513513.51,-1.45063250387,-164.414900103
919,2815815815.82,-1.47152225242,-164.626130565
920,2818118118.12,-1.49610229888,-164.823459295
921,2820420420.42,-1.52325269433,-165.022695262
922,2822722722.72,-1.54785933564,-165.223244041
923,2825025025.03,-1.57742494614,-165.387597966
924,2827327327.33,-1.59892652384,-165.613779097
925,2829629629.63,-1.63045528867,-165.799827396
926,2831931931.93,-1.65284444306,-165.995689291
927,2834234234.23,-1.68664211664,-166.13412256
928,2836536536.54,-1.71232873142,-166.388738784
929,2838838838.84,-1.7357475229,-166.513256525
930,2841141141.14,-1.77531501111,-166.699356676
931,2843443443.44,-1.80091555195,-166.8475176
932,2845745745.75,-1.83749970041,-167.078396275
933,2848048048.05,-1.86707364084,-167.231271046
934,2850350350.35,-1.89679180631,-167.395772173
935,2852652652.65,-1.93688825892,-167.571517832
936,2854954954.95,-1.97451285768,-167.746591233
937,2857257257.26,-2.0124448325,-167.90740362
938,2859559559.56,-2.05186870542,-168.010551267
939,2861861861.86,-2.09409177092,-168.136352687
940,2864164164.16,-2.12698966586,-168.268042278
941,2866466466.47,-2.17135154273,-168.349898842
942,2868768768.77,-2.20871020847,-168.419812157
943,2871071071.07,-2.23913232471,-168.516445961
944,2873373373.37,-2.28857773766,-168.588945417
945,2875675675.68,-2.33132102127,-168.69187034
946,2877977977.98,-2.37814236969,-168.772617239
947,2880280280.28,-2.41780546475,-168.845336945
948,2882582582.58,-2.46410117667,-168.900242374
949,2884884884.88,-2.50510728476,-168.89316879
950,2887187187.19,-2.54907866843,-168.929196219
951,2889489489.49,-2.59020824028,-168.931077552
952,2891791791.79,-2.63905004891,-168.953983008
953,2894094094.09,-2.67886987697,-168.928034929
954,2896396396.4,-2.72491672728,-168.884181863
955,2898698698.7,-2.7648913779,-168.889938279
956,2901001001.0,-2.81418137864,-168.793546058
957,2903303303.3,-2.85255751806,-168.747341015
958,2905605605.61,-2.89144978897,-168.686501172
959,2907907907.91,-2.93097556183,-168.667474534
960,2910210210.21,-2.96935584898,-168.512541013
961,2912512512.51,-3.01439935468,-168.395917731
962,2914814814.81,-3.05157232037,-168.258035541
963,2917117117.12,-3.0789084117,-168.070017831
964,2919419419.42,-3.11355874694,-167.9742766
965,2921721721.72,-3.15135145484,-167.784091664
966,2924024024.02,-3.19107102001,-167.610835523
967,2926326326.33,-3.21660907008,-167.355621361
968,2928628628.63,-3.24242487394,-167.157108851
969,2930930930.93,-3.27354201699,-166.931876191
970,2933233233.23,-3.30165126995,-166.688655862
971,2935535535.54,-3.31914403913,-166.454744692
972,2937837837.84,-3.33281095237,-166.207999706
973,2940140140.14,-3.35817432286,-166.026880535
974,2942442442.44,-3.35977840624,-165.712895152
975,2944744744.74,-3.3694866519,-165.457841552
976,2947047047.05,-3.38093641024,-165.26626744
977,2949349349.35,-3.38681682694,-164.959529083
978,2951651651.65,-3.37880505364,-164.738568087
979,2953953953.95,-3.38058726308,-164.480647941
980,2956256256.26,-3.38257601879,-164.259221573
981,2958558558.56,-3.37690197759,-163.992575909
982,2960860860.86,-3.36599722161,-163.768536071
983,2963163163.16,-3.36169406245,-163.521820973
984,2965465465.47,-3.34484610652,-163.296355847
985,2967767767.77,-3.33002541071,-163.033415156
986,2970070070.07,-3.31334757464,-162.805377171
987,2972372372.37,-3.28694591478,-162.561195759
988,2974674674.67,-3.26344789478,-162.353970083
989,2976976976.98,-3.24666630539,-162.188522784
990,2979279279.28,-3.21694097305,-161.998141241
991,2981581581.58,-3.18934999612,-161.88424436
992,2983883883.88,-3.16083127274,-161.671481776
993,2986186186.19,-3.12919269175,-161.541308446
994,2988488488.49,-3.10004999609,-161.41943883
995,2990790790.79,-3.06050635499,-161.31227659
996,2993093093.09,-3.02748863888,-161.147507814
997,2995395395.4,-2.99138445172,-161.09264595
998,2997697697.7,-2.95560099093,-160.993942162
999,3000000000.0,-2.92401636108,-160.977754814
