Tag MAC,Frequency,Polynomial,Inverse,Required Power @15mV (dBm),Required Power @40mV (dBm)
98_A3_16_8F_DB_94,700,"[0.15441365251749348, 3.9193067976326144, -36.12770779968902]","[-0.00147791426664781, 0.1396067552835529, 6.9910474118671475]",-24.381630175274815,-19.568622495167325
98_A3_16_8F_DB_94,710,"[0.1634356690251353, 3.905963625044686, -36.835312259645285]","[-0.0014831173470501858, 0.13585018329794973, 7.04311394342684]",-25.059205334566954,-20.20267822876404
98_A3_16_8F_DB_94,720,"[0.18802671538224888, 3.8051151064681714, -37.45339936699931]","[-0.0016313824400474887, 0.12504713305297052, 7.0123518278337675]",-25.770055971858866,-20.858152545913835
98_A3_16_8F_DB_94,730,"[0.21995306156041677, 3.638176797823969, -37.93872059923096]","[-0.0018303556810892996, 0.11237163457583356, 6.962136088989411]",-26.473321518798013,-21.52484073175031
98_A3_16_8F_DB_94,740,"[0.24030286244914872, 3.5465614914050465, -38.5544674186325]","[-0.0018898958275864644, 0.10567260868601959, 6.972554178680672]",-27.1879311919651,-22.201628708546448
98_A3_16_8F_DB_94,750,"[0.25926851278412866, 3.4458989951931174, -39.13154183971702]","[-0.0019397728935531008, 0.09988661150969115, 6.997167309480542]",-27.898519428718977,-22.89195356725232
98_A3_16_8F_DB_94,760,"[0.28810353798618993, 3.251072659336881, -39.51548584130096]","[-0.002079173846028961, 0.09061888219457523, 6.990182644137153]",-28.598600236041307,-23.602206268387143
98_A3_16_8F_DB_94,770,"[0.3157015775638448, 3.0404249004685253, -39.839515311962735]","[-0.00220838139933561, 0.08224274111497507, 6.9991670394274745]",-29.290683198685258,-24.32774045298597
98_A3_16_8F_DB_94,780,"[0.33950308906944604, 2.83625184937737, -40.16846556986603]","[-0.0023030382333111663, 0.07567868829319936, 7.036419810556955]",-29.997995089752813,-25.085973523107242
98_A3_16_8F_DB_94,790,"[0.3648574301919389, 2.6041423815512292, -40.451542806859926]","[-0.0024026339067790598, 0.06887060210588943, 7.076849433048918]",-30.72369944713907,-25.880257002062315
98_A3_16_8F_DB_94,800,"[0.39842660346847647, 2.2879275623878184, -40.55618423751438]","[-0.0025524760773233475, 0.059813514443978276, 7.096293113737486]",-31.43848574534266,-26.694573124410855
98_A3_16_8F_DB_94,810,"[0.4340300326985901, 1.943085512065153, -40.576380831308434]","[-0.0027038073672980825, 0.05052552520947613, 7.110328553510339]",-32.131432896735234,-27.50236500224809
98_A3_16_8F_DB_94,820,"[0.46886905975082577, 1.5863523419872692, -40.5500146764277]","[-0.0028285908601234436, 0.04238508691343786, 7.138796066784973]",-32.81562481950462,-28.317860894893833
98_A3_16_8F_DB_94,830,"[0.5046506632053025, 1.1953116103664123, -40.377416182808226]","[-0.0029681778571960665, 0.03388420258913221, 7.164726139031458]",-33.43957858459455,-29.100854486720195
98_A3_16_8F_DB_94,840,"[0.5362789515103036, 0.8035399236124957, -40.059761585630525]","[-0.0031257219617358864, 0.025459842844171937, 7.194389784683321]",-33.95091419503951,-29.798005993608417
98_A3_16_8F_DB_94,850,"[0.5460259392815113, 0.5633586262681788, -39.833682525658865]","[-0.003238706715911148, 0.020921506294416862, 7.270745214799043]",-34.30377826098611,-30.32529141821177
98_A3_16_8F_DB_94,860,"[0.5212021678702656, 0.6198882238508148, -39.96982165056714]","[-0.003246246832941217, 0.02354661588364471, 7.4167033204609965]",-34.46887841640397,-30.5906973737591
98_A3_16_8F_DB_94,870,"[0.4646372193361601, 0.9587353148164645, -40.37842947537557]","[-0.0031701576955647883, 0.03298180902659378, 7.6204270476468565]",-34.37469238866641,-30.51906542225919
98_A3_16_8F_DB_94,880,"[0.381363217534101, 1.5843145720131253, -41.18230727683686]","[-0.0028608965831414947, 0.05456577114120627, 7.9127468998106245]",-34.095163037930945,-30.148435350355435
98_A3_16_8F_DB_94,890,"[0.3078592283275829, 2.172713103453186, -41.7722531636442]","[-0.002508969060218253, 0.07746125304537578, 8.157231348800726]",-33.63074030637216,-29.56807989273667
98_A3_16_8F_DB_94,900,"[0.26024287999829365, 2.5843461850163614, -41.98960478477857]","[-0.0022224667605938247, 0.09486418558196838, 8.278770505828758]",-33.082565077703094,-28.91492194741582
98_A3_16_8F_DB_94,910,"[0.2340975343876633, 2.854629686097475, -41.95890687689186]","[-0.002028091059563082, 0.10542483913885678, 8.275778872972698]",-32.511663710795254,-28.242962246503765
98_A3_16_8F_DB_94,920,"[0.2171804722978332, 3.062791101487327, -41.88225110733186]","[-0.0018695539533868494, 0.11286849065605821, 8.22821436615849]",-31.99535826044476,-27.628628641114506
98_A3_16_8F_DB_94,930,"[0.2092998909299113, 3.198397007531641, -41.75087301659086]","[-0.0017749593878850021, 0.11650974557906296, 8.146046474100395]",-31.554545094878844,-27.104254334087557
98_A3_16_8F_DB_94,940,"[0.20374952740591679, 3.3172284761690536, -41.677470888721224]","[-0.0016883241003989456, 0.1192378263948622, 8.065860541790256]",-31.200045174583533,-26.668025655362257
98_A3_16_8F_DB_94,950,"[0.20616614680904197, 3.36221901647301, -41.50004561620577]","[-0.0016766029403827692, 0.1185358324512764, 7.961525870825277]",-30.883060895220876,-26.29175075314582
98_A3_16_8F_DB_94,960,"[0.20714988571695667, 3.409398200363334, -41.33440581222196]","[-0.0016593215618890982, 0.11838016509145996, 7.8738065187824375]",-30.582443208225797,-25.938686073623316
98_A3_16_8F_DB_94,970,"[0.20685006371804673, 3.46738707253262, -41.22546250827545]","[-0.0016269544902908781, 0.11879118560408501, 7.798724072856526]",-30.318661882729685,-25.619908737843517
98_A3_16_8F_DB_94,980,"[0.2116871008600828, 3.46085842175523, -40.97922660579134]","[-0.0016614313345287236, 0.11691452150255117, 7.7157800264807985]",-30.054633308805656,-25.331934654072917
98_A3_16_8F_DB_94,990,"[0.21127434133949982, 3.476130935787643, -40.74786171551186]","[-0.0016714188681234855, 0.11688232195929447, 7.665278634200572]",-29.784936670588195,-25.04984806262513
98_A3_16_8F_DB_94,1000,"[0.212493016161243, 3.4547972053814853, -40.38535140765238]","[-0.001722833631028595, 0.11591515082326027, 7.613418290357238]",-29.47126198009982,-24.749451792758205
58_E6_C5_01_08_CC,700,"[0.15563784562805766, 3.8773241257166724, -35.60416423356543]","[-0.0015523823500542715, 0.13893271335439922, 6.929912764170098]",-23.96280012816132,-19.18328933117579
58_E6_C5_01_08_CC,710,"[0.1764233266822325, 3.7905053383056946, -36.184275252270176]","[-0.001693511413240264, 0.12918003731497396, 6.916562458039397]",-24.625589710236987,-19.8008190645209
58_E6_C5_01_08_CC,720,"[0.18329711487165448, 3.7985084485542218, -36.906025624403966]","[-0.0016604886783770528, 0.12664928474087764, 6.969196090697158]",-25.27525808565381,-20.39950957536869
58_E6_C5_01_08_CC,730,"[0.2165141206369093, 3.6335316417421795, -37.380889787237855]","[-0.0018829157476936704, 0.11275762264406963, 6.900319147328033]",-25.953289619358287,-21.0309418696507
58_E6_C5_01_08_CC,740,"[0.23070945125886946, 3.587551624492453, -38.03273869274715]","[-0.0018925827082877666, 0.10830730574287543, 6.929356353058355]",-26.625552753216844,-21.659237847099316
58_E6_C5_01_08_CC,750,"[0.2508216315655299, 3.4811859185230505, -38.5588326816799]","[-0.001965766179788415, 0.10164724737335899, 6.940318823740626]",-27.292197017451386,-22.30401894014034
58_E6_C5_01_08_CC,760,"[0.271949240243417, 3.346513710263289, -39.00056799377412]","[-0.0020540657427728657, 0.09487023340197046, 6.9546400023122565]",-27.943691353661468,-22.955042852754655
58_E6_C5_01_08_CC,770,"[0.296604888485603, 3.16804415964234, -39.35042580057116]","[-0.0021762993547406444, 0.0868811802077271, 6.961263519814427]",-28.59604058159124,-23.62774340808845
58_E6_C5_01_08_CC,780,"[0.3162207591412131, 3.004046135606872, -39.71495719907225]","[-0.0022569500030647804, 0.08113699468739743, 7.001598084470707]",-29.260833170562286,-24.330314282871026
58_E6_C5_01_08_CC,790,"[0.33898675042896415, 2.8054070622424967, -40.0349821900768]","[-0.00235056712898941, 0.07470203188242701, 7.039478934855073]",-29.951827529919377,-25.07329909412855
58_E6_C5_01_08_CC,800,"[0.3691426363662883, 2.5320507064967437, -40.203593453882476]","[-0.0024988661804908907, 0.06586243579489134, 7.055540954665221]",-30.639552256007832,-25.839932783898554
58_E6_C5_01_08_CC,810,"[0.3974770506426238, 2.2656303002874476, -40.36737163614868]","[-0.002612042769713128, 0.05843539773505725, 7.0836552652149205]",-31.317018828821347,-26.60093379006534
58_E6_C5_01_08_CC,820,"[0.43103027167221697, 1.945944632390068, -40.439839810241224]","[-0.002742382366787126, 0.04991859235045409, 7.101794842389489]",-32.00914808945056,-27.396097273925534
58_E6_C5_01_08_CC,830,"[0.4648340724540002, 1.6078367250681151, -40.453425118945894]","[-0.002855379584470598, 0.04213681015926876, 7.129016445438606]",-32.69044519826396,-28.196925465833004
58_E6_C5_01_08_CC,840,"[0.5033714745283422, 1.2003751447996636, -40.25994765768581]","[-0.0030074425343815693, 0.03288076131658793, 7.144069774906872]",-33.31777873010661,-28.982114177596976
58_E6_C5_01_08_CC,850,"[0.5344442525838967, 0.8209932124274033, -40.0021119719135]","[-0.0031459460372564993, 0.025056663728944162, 7.179672661528096]",-33.85945502946463,-29.700939575452114
58_E6_C5_01_08_CC,860,"[0.5475399057104874, 0.570325819408239, -39.82351532020361]","[-0.0032394623867300623, 0.02070413074129658, 7.25245033945546]",-34.26364081960108,-30.268821276874895
58_E6_C5_01_08_CC,870,"[0.5343125692430002, 0.5202313042669704, -39.77817338625907]","[-0.003307679683479856, 0.020055164382965108, 7.365403695756982]",-34.450960494194746,-30.588267338121806
58_E6_C5_01_08_CC,880,"[0.48319681057563485, 0.8092646763942936, -40.1567341020984]","[-0.003236991315547114, 0.02860494839008656, 7.565145722899011]",-34.4216635793375,-30.59619342339844
58_E6_C5_01_08_CC,890,"[0.4042432585414535, 1.3830425321276711, -40.90657877642849]","[-0.0029847213791914014, 0.04737770279363267, 7.84190577570708]",-34.19669772367988,-30.303827396921577
58_E6_C5_01_08_CC,900,"[0.33356744990607873, 1.9364957694098073, -41.50213478739445]","[-0.0026785464744490785, 0.06807818422118928, 8.082642728991285]",-33.811778163425004,-29.81950563607574
58_E6_C5_01_08_CC,910,"[0.28029229210963347, 2.4033518175433404, -41.89932031295004]","[-0.002358046607924311, 0.08705804058236202, 8.232761767469079]",-33.33538935578245,-29.219474854837735
58_E6_C5_01_08_CC,920,"[0.2460588639065141, 2.741255550516421, -42.081211552175795]","[-0.002098937317803419, 0.10085292632604377, 8.285051917108287]",-32.85327239740043,-28.620722683033186
58_E6_C5_01_08_CC,930,"[0.2267171617066808, 2.9714906644275914, -42.12949457699554]","[-0.0019176232622998125, 0.10927834607667922, 8.26271852394201]",-32.419910242981096,-28.08289475344503
58_E6_C5_01_08_CC,940,"[0.22113026031319807, 3.091291245432691, -42.037728613531286]","[-0.0018374406325929924, 0.11202867845492762, 8.179869176745774]",-32.04469003392626,-27.625224501599224
58_E6_C5_01_08_CC,950,"[0.21863802731204193, 3.1835460888032823, -41.93200718970882]","[-0.0017796054839849791, 0.11351429023037908, 8.090801035568738]",-31.707414743125838,-27.213099968579428
58_E6_C5_01_08_CC,960,"[0.2146337603960171, 3.282756415041467, -41.86047042470111]","[-0.0017124889894214379, 0.11548746364699718, 8.016146371462584]",-31.396576869345974,-26.83007765945851
58_E6_C5_01_08_CC,970,"[0.21850973062781548, 3.314612418981715, -41.693430276299985]","[-0.0017105331359813347, 0.11431923727512718, 7.914713480761984]",-31.11484449625813,-26.492781002326517
58_E6_C5_01_08_CC,980,"[0.22251206695547754, 3.3213803000430757, -41.45800929818076]","[-0.0017328299384591999, 0.11286556156135288, 7.8281545694151475]",-30.831744479360133,-26.177931007950765
58_E6_C5_01_08_CC,990,"[0.22796893309089494, 3.2930129423900043, -41.128574783562094]","[-0.0017930569236834283, 0.11049565052332685, 7.747000960082327]",-30.539112069678374,-25.878884140564264
58_E6_C5_01_08_CC,1000,"[0.22704056812068038, 3.301878732725309, -40.835566657987606]","[-0.001816224589660389, 0.11042456669128266, 7.697610178989934]",-30.228903136633086,-25.565804217380457
58_E6_C5_01_12_50,700,"[0.1332619009404791, 4.082382065249754, -36.58128906435317]","[-0.0012186325873054377, 0.1492726790198275, 7.107035396291412]",-24.548712558035717,-19.708468229720285
58_E6_C5_01_12_50,710,"[0.14671369585328414, 4.042663219654703, -37.26289041195359]","[-0.001282310864130144, 0.14308348191357823, 7.135588030930237]",-25.239225312636655,-20.35353785052324
58_E6_C5_01_12_50,720,"[0.1803761740757596, 3.876723147904368, -37.77673841398904]","[-0.001521777125640125, 0.12859371053518967, 7.069263854422456]",-25.955582367098764,-21.021445438054233
58_E6_C5_01_12_50,730,"[0.20286390367864462, 3.7766471565335706, -38.381220027073276]","[-0.001626432514046446, 0.12006056293338012, 7.062847961206273]",-26.666160216574823,-21.689086081447083
58_E6_C5_01_12_50,740,"[0.2325013962119369, 3.616995633275175, -38.886486081613924]","[-0.0017838956240243556, 0.10922155710819832, 7.0319193757518486]",-27.38642299554906,-22.379985351714588
58_E6_C5_01_12_50,750,"[0.25826745315316285, 3.4635025979351584, -39.37255049796928]","[-0.001897724547381124, 0.10075094482142571, 7.030037855009374]",-28.09919795375893,-23.08164690793783
58_E6_C5_01_12_50,760,"[0.2808209646282276, 3.310386543625728, -39.82357220125936]","[-0.0019858451321622234, 0.09393732997154568, 7.051064241322956]",-28.79946863282762,-23.790590891315034
58_E6_C5_01_12_50,770,"[0.30478056441698637, 3.1233923317768295, -40.181407623528905]","[-0.002089813973824036, 0.08687179886320115, 7.0755351506262025]",-29.48798518309814,-24.51218721993686
58_E6_C5_01_12_50,780,"[0.3347288662648378, 2.8672503100035476, -40.411321066752514]","[-0.002239189004825579, 0.0779822798748415, 7.090143603297574]",-30.191917133399237,-25.279446255555477
58_E6_C5_01_12_50,790,"[0.36185796930407493, 2.61323325652849, -40.634536732944746]","[-0.002361559291726368, 0.07039133562805784, 7.124642746194337]",-30.904071481490394,-26.070531944957374
58_E6_C5_01_12_50,800,"[0.3950467498777309, 2.29562834200938, -40.72677987889023]","[-0.002513687335218501, 0.06132884499327535, 7.145307379786046]",-31.613013566532082,-26.882753996646784
58_E6_C5_01_12_50,810,"[0.4270627160872329, 1.9729037859310496, -40.76787538830748]","[-0.0026487978865558826, 0.05303000564162585, 7.172345990740849]",-32.29327313763337,-27.678673612765323
58_E6_C5_01_12_50,820,"[0.4641436516173319, 1.5885573743830772, -40.65681205595711]","[-0.0028072325599599202, 0.04360658701147386, 7.188956012362602]",-32.95110481076099,-28.48082673397206
58_E6_C5_01_12_50,830,"[0.496758013729724, 1.2172302263916703, -40.491632336390474]","[-0.0029432011765862104, 0.0355647160789935, 7.221703868340879]",-33.5523190538514,-29.24161735313873
58_E6_C5_01_12_50,840,"[0.5227098103819178, 0.8679200785246205, -40.21406943338563]","[-0.003085496221092208, 0.028289239080738167, 7.2652836617089385]",-34.03038713482226,-29.899469798453367
58_E6_C5_01_12_50,850,"[0.5276753452382251, 0.6686039701990094, -40.023686559833294]","[-0.003194098460422342, 0.024404194537775547, 7.34777039328266]",-34.343347360413844,-30.376769859514777
58_E6_C5_01_12_50,860,"[0.49818706959271697, 0.7701645078179714, -40.2018592727062]","[-0.003187116718260391, 0.02819029727346097, 7.502897564287234]",-34.462742366794046,-30.581569481770494
58_E6_C5_01_12_50,870,"[0.43842603526389246, 1.1571411915561556, -40.6970734834083]","[-0.0030612098169343275, 0.03991119685189435, 7.719810766606114]",-34.34826398145203,-30.462491447610716
58_E6_C5_01_12_50,880,"[0.3607411490093544, 1.7519410214736024, -41.42208062214567]","[-0.002751769285492244, 0.06109985801313865, 7.99014957474669]",-34.03222822275538,-30.0504765665683
58_E6_C5_01_12_50,890,"[0.2924060793686899, 2.3181420047892907, -41.9832046047145]","[-0.0023874010902737715, 0.08366155468160726, 8.210015928106793]",-33.56118920446282,-29.452845496773165
58_E6_C5_01_12_50,900,"[0.2558467945510749, 2.6474499472668516, -42.05371214284584]","[-0.0021679947378679732, 0.09702911563351108, 8.272323370081164]",-33.00802313012773,-28.80606832402355
58_E6_C5_01_12_50,910,"[0.23318523962671575, 2.8923706709464407, -41.97704998848263]","[-0.0019959539547052697, 0.10622175442065639, 8.249289681286003]",-32.434292687149195,-28.13429776800831
58_E6_C5_01_12_50,920,"[0.2142740111831892, 3.124311909781709, -41.96997517652207]","[-0.0018113867488158738, 0.1145403707494569, 8.209136851530666]",-31.93779552926344,-27.528960498065537
58_E6_C5_01_12_50,930,"[0.20786565254836445, 3.2454322355272582, -41.81139965282648]","[-0.0017330495840840988, 0.1174390593884735, 8.12106179798665]",-31.49821601113036,-27.010790558559627
58_E6_C5_01_12_50,940,"[0.20532073318389132, 3.338141370438631, -41.69528294865012]","[-0.0016755285451506027, 0.11880397390681567, 8.02861761872512]",-31.14970157301406,-26.587311865616027
58_E6_C5_01_12_50,950,"[0.20363394862904619, 3.4158041078473245, -41.583998462799215]","[-0.0016284050297379724, 0.11978489480651242, 7.945066923718136]",-30.8404725905799,-26.21249238360128
58_E6_C5_01_12_50,960,"[0.20068123418086597, 3.4957366023876184, -41.49265852206786]","[-0.001576203508887044, 0.1211718595854431, 7.875956436719814]",-30.554325279317744,-25.866471147097563
58_E6_C5_01_12_50,970,"[0.20543644317761522, 3.5094510364404194, -41.29925222346708]","[-0.0015907267791439657, 0.1195134367495968, 7.781153946904211]",-30.288907108972126,-25.557765871115716
58_E6_C5_01_12_50,980,"[0.2066885117907444, 3.5311196632344104, -41.11001630921329]","[-0.0015943509252026786, 0.11904226844547586, 7.714776344222495]",-30.03180937545802,-25.271559065809818
58_E6_C5_01_12_50,990,"[0.20905531505539607, 3.518947749022199, -40.82255096131782]","[-0.0016306393597438132, 0.11796862348494945, 7.656406526566165]",-29.75994914560284,-24.996787381849437
58_E6_C5_01_12_50,1000,"[0.2068052687950731, 3.5275117089490062, -40.528778749447945]","[-0.0016458547210153247, 0.11849202650457219, 7.620590140075793]",-29.459486095338978,-24.702042004823106
58_E6_C5_01_AE_E0,700,"[0.16389957209765504, 3.834439746199096, -35.54628284775601]","[-0.0016399734147201632, 0.13483762499488963, 6.8817650176289105]",-23.9604641273365,-19.171179069124708
58_E6_C5_01_AE_E0,710,"[0.17639316099205976, 3.7909650250729325, -36.14990298802903]","[-0.0016973063229408433, 0.1291071810596989, 6.90966798273827]",-24.590193812324955,-19.76516156084154
58_E6_C5_01_AE_E0,720,"[0.19769593445045242, 3.7094421380463682, -36.740407593017025]","[-0.0018129570416625634, 0.11990886823406319, 6.889921904009548]",-25.245241834170017,-20.366509714412295
58_E6_C5_01_AE_E0,730,"[0.21130707113040736, 3.6702417140565813, -37.38012681763665]","[-0.0018332753580250168, 0.11507035076524176, 6.914113581369419]",-25.89130001548933,-20.96561652148771
58_E6_C5_01_AE_E0,740,"[0.2251663738156315, 3.6230528285225327, -38.00807640136541]","[-0.0018490067480965834, 0.11058942409016931, 6.9427866308046715]",-26.545401776502473,-21.579045158117616
58_E6_C5_01_AE_E0,750,"[0.25246441884055165, 3.4683250845420814, -38.44743480628087]","[-0.001994567637367472, 0.10071945454062006, 6.917972341939789]",-27.20357948665707,-22.217708358339024
58_E6_C5_01_AE_E0,760,"[0.26305256548068473, 3.4097043587498006, -39.00204489218224]","[-0.0019894332656914013, 0.09816478461360759, 6.975132220829137]",-27.839288887417098,-22.844481518480045
58_E6_C5_01_AE_E0,770,"[0.2901661566644821, 3.2130344330078446, -39.30753693475469]","[-0.002141217536644724, 0.08898828059841717, 6.968616837384843]",-28.478534467846828,-23.506508025732114
58_E6_C5_01_AE_E0,780,"[0.3106311294633325, 3.0448195898361705, -39.657002174200976]","[-0.0022313176887771053, 0.08285864617751412, 7.003349550978419]",-29.13345333462972,-24.198013639933826
58_E6_C5_01_AE_E0,790,"[0.3330066000856623, 2.848826553108145, -39.96746453461644]","[-0.0023309517317075873, 0.07628383368332846, 7.039155563641205]",-29.810583360668844,-24.926989049881513
58_E6_C5_01_AE_E0,800,"[0.36111887098200673, 2.5983922389782355, -40.1830708391185]","[-0.0024602230841067733, 0.06821633591463398, 7.06088420040384]",-30.49821601229805,-25.6838703013729
58_E6_C5_01_AE_E0,810,"[0.38963796621645375, 2.3334762292576556, -40.346999121631846]","[-0.0025829899785046423, 0.06038975480816025, 7.083752647961642]",-31.170404339710075,-26.436958763106063
58_E6_C5_01_AE_E0,820,"[0.4217989797314907, 2.032907326865278, -40.4695283152589]","[-0.0026983494875330552, 0.05245091870847331, 7.10627076596112]",-31.871035262980236,-27.230608748448155
58_E6_C5_01_AE_E0,830,"[0.4580460631494933, 1.679758649353151, -40.462686749803986]","[-0.00283176694743494, 0.043679237741855136, 7.1216527947454935]",-32.55471875746603,-28.033245875593817
58_E6_C5_01_AE_E0,840,"[0.49865565780224363, 1.261367744525503, -40.26835216279441]","[-0.0029937659787309546, 0.033825557262239986, 7.129307796265082]",-33.19559582448138,-28.829696374716395
58_E6_C5_01_AE_E0,850,"[0.5303648161050507, 0.887639279987518, -40.06940576611356]","[-0.0031131464402889496, 0.0265204128689356, 7.169101940533035]",-33.776184620841335,-29.57789634506929
58_E6_C5_01_AE_E0,860,"[0.5490314984772702, 0.5948201666698879, -39.850500759780864]","[-0.003219510864439834, 0.021164839175046572, 7.230349766923493]",-34.21335568805957,-30.18515267887031
58_E6_C5_01_AE_E0,870,"[0.5424787994833314, 0.4917654953425291, -39.76358495256341]","[-0.003295077369039037, 0.019515712113635023, 7.3324791997736565]",-34.45357155751419,-30.567561155974644
58_E6_C5_01_AE_E0,880,"[0.4972171232392044, 0.7271650331466158, -40.09018737146908]","[-0.0032445481400898307, 0.026552357230347202, 7.519246652633103]",-34.47462833798447,-30.641716325852034
58_E6_C5_01_AE_E0,890,"[0.42292666937085954, 1.244522077704067, -40.743764509767665]","[-0.0030484972381534187, 0.04265087924496495, 7.777310476254322]",-34.271988337581035,-30.397757679774184
58_E6_C5_01_AE_E0,900,"[0.34987607970262535, 1.809484077900029, -41.39049968758864]","[-0.0027505523203476367, 0.06311035594807955, 8.027958631650453]",-33.92449717839732,-29.954476267174382
58_E6_C5_01_AE_E0,910,"[0.29435648732929726, 2.282734442741157, -41.80143855144107]","[-0.0024472012223577433, 0.08182366980129284, 8.189683754008483]",-33.46100521993183,-29.375152848527488
58_E6_C5_01_AE_E0,920,"[0.25366571012481526, 2.6735055588311933, -42.10124129641979]","[-0.0021441266987526774, 0.09801741283345915, 8.27698421294165]",-33.00098744048781,-28.787161297070206
58_E6_C5_01_AE_E0,930,"[0.23331078710207814, 2.90932545018688, -42.16115496119585]","[-0.001962604467193109, 0.1066797027953442, 8.261759971335588]",-32.57156255961402,-28.254150175026513
58_E6_C5_01_AE_E0,940,"[0.22410223233555115, 3.059983700971389, -42.13117204385666]","[-0.0018522100666155878, 0.11095102061603371, 8.196937391573215]",-32.20112080283105,-27.793715594566365
58_E6_C5_01_AE_E0,950,"[0.22185003654589125, 3.1488812096147827, -42.01256800027538]","[-0.0017994190489059737, 0.11229889761897784, 8.106651080478589]",-31.858294401749127,-27.377826858925246
58_E6_C5_01_AE_E0,960,"[0.21761245151510406, 3.253568548283717, -41.95572940984267]","[-0.0017276117808957955, 0.11440754830194065, 8.03135461778639]",-31.549033724698518,-26.992473639374815
58_E6_C5_01_AE_E0,970,"[0.22399659580261067, 3.259801433769299, -41.71544870972761]","[-0.0017528427086998563, 0.11221120603911033, 7.91879755625685]",-31.245055706520624,-26.64232621550539
58_E6_C5_01_AE_E0,980,"[0.2247152047872668, 3.2942726216731506, -41.520230806626095]","[-0.0017485636009965159, 0.11203576477525316, 7.843837775710016]",-30.95121815130279,-26.310169545517617
58_E6_C5_01_AE_E0,990,"[0.22788215491831812, 3.2861433985766872, -41.21686570948903]","[-0.0017889197459646843, 0.11057759500257079, 7.7694426514678945]",-30.646642455953646,-25.9936968482846
58_E6_C5_01_AE_E0,1000,"[0.22514850150570045, 3.3048290129392894, -40.90666149540081]","[-0.001803493759445466, 0.11116741328148244, 7.725569163262809]",-30.305884005549938,-25.651762750652118
98_A3_16_8F_18_38,700,"[0.17149108047591144, 3.7624247693970405, -35.61001960566786]","[-0.0017432801269700944, 0.1308074404697995, 6.888008967877777]",-24.16354845849552,-19.397266427543997
98_A3_16_8F_18_38,710,"[0.18297604328054667, 3.7306122596341154, -36.24853902722263]","[-0.0017722668190565994, 0.12594178088312363, 6.922355997177765]",-24.803992366568828,-19.996852922659368
98_A3_16_8F_18_38,720,"[0.20538116203832757, 3.6435598050521065, -36.842229945737365]","[-0.0018905950009008305, 0.11639438903557704, 6.897561620537508]",-25.469116959653064,-20.606784768673403
98_A3_16_8F_18_38,730,"[0.22484487377244333, 3.5631851130302152, -37.42100240380908]","[-0.0019635617666152105, 0.10917806641660868, 6.896824098184924]",-26.122810290030543,-21.217190864661408
98_A3_16_8F_18_38,740,"[0.25036200120686375, 3.4328837998327586, -37.91593453995177]","[-0.002088993715339167, 0.09974926835459526, 6.8728175292093345]",-26.783474153688353,-21.845556064170378
98_A3_16_8F_18_38,750,"[0.26310680610224396, 3.372240127718373, -38.49347207841161]","[-0.0020839937842891043, 0.0966401558185342, 6.9199146352511125]",-27.431773316480268,-22.4733716395799
98_A3_16_8F_18_38,760,"[0.28383379860183106, 3.241307453952497, -38.93901710855265]","[-0.0021650589463928114, 0.09000975554224672, 6.933058479080576]",-28.079888456721335,-23.119862095779943
98_A3_16_8F_18_38,770,"[0.3039754457541772, 3.090485414254728, -39.31492696461818]","[-0.0022478812164447187, 0.08389710064121689, 6.959111584164566]",-28.71652247541158,-23.778052132174885
98_A3_16_8F_18_38,780,"[0.3243825920004641, 2.9206972186389883, -39.664992449997335]","[-0.0023316486373097522, 0.07791291042886385, 6.995065949259548]",-29.37672637862861,-24.47674879380531
98_A3_16_8F_18_38,790,"[0.3519083817314133, 2.673482717179491, -39.85859750955246]","[-0.0024805028456319775, 0.06929220526899883, 7.011095326125767]",-30.03793935163749,-25.207732036494875
98_A3_16_8F_18_38,800,"[0.37386274654050955, 2.4665120096895214, -40.14630906553672]","[-0.002552051654272817, 0.06379041363874903, 7.060328018285134]",-30.72513485135547,-25.960182283142746
98_A3_16_8F_18_38,810,"[0.40458554449220446, 2.174673479077025, -40.23947401173415]","[-0.0026960670951394062, 0.055075176297856646, 7.074885579389785]",-31.38330644759556,-26.711833727198908
98_A3_16_8F_18_38,820,"[0.4373118267858313, 1.8584857589693906, -40.300731449172396]","[-0.0028192429820505793, 0.04692368045675727, 7.096064801408814]",-32.060816738255454,-27.494135809756514
98_A3_16_8F_18_38,830,"[0.4712785183580612, 1.5140156365152093, -40.2786017911563]","[-0.0029407060105912314, 0.038842040344504905, 7.1197383557965965]",-32.7224335128582,-28.280501889177152
98_A3_16_8F_18_38,840,"[0.5076688691269908, 1.120053910759094, -40.08243502206506]","[-0.0030887021211995955, 0.02992358869792212, 7.13787297743448]",-33.32626493095226,-29.042418669824443
98_A3_16_8F_18_38,850,"[0.5359049060512698, 0.7527241185767092, -39.78671870274973]","[-0.0032410497179313053, 0.02197643122812601, 7.174071962428725]",-33.818226139004,-29.717506437495764
98_A3_16_8F_18_38,860,"[0.5426142324356721, 0.5532769766555072, -39.66217742012317]","[-0.003319211894000466, 0.018793361571068423, 7.2595733105794675]",-34.18459464331733,-30.237402235114644
98_A3_16_8F_18_38,870,"[0.5241088425671205, 0.5491503718475714, -39.66235251137032]","[-0.0033780299394103814, 0.019072512814395655, 7.381288451352526]",-34.33165472833522,-30.504618103575982
98_A3_16_8F_18_38,880,"[0.467396146134959, 0.8955195161815312, -40.13263810181736]","[-0.003265017989954042, 0.029887840024262518, 7.601280387157577]",-34.27985988261284,-30.46892649811156
98_A3_16_8F_18_38,890,"[0.38991527961472217, 1.462391202141083, -40.84501221380476]","[-0.00300162217773663, 0.049257340653735875, 7.87772614059907]",-34.025325726983695,-30.14452588056404
98_A3_16_8F_18_38,900,"[0.3219905393871327, 2.0044860521627372, -41.43334606741374]","[-0.0026726524049921724, 0.07057034002871738, 8.114946605018627]",-33.64376803336779,-29.65744560807082
98_A3_16_8F_18_38,910,"[0.2727023843754131, 2.4406506202813336, -41.77414749228215]","[-0.002359463754052055, 0.08889274433106428, 8.251798823310333]",-33.164870365642585,-29.059993433598226
98_A3_16_8F_18_38,920,"[0.24074083041093175, 2.7661134689142854, -41.95977110727019]","[-0.0020957249327211392, 0.10243280193889497, 8.296658081555535]",-32.703515451091576,-28.479951278072207
98_A3_16_8F_18_38,930,"[0.2260666602112682, 2.956839137333835, -41.942180599862226]","[-0.0019494645845480523, 0.10902352631188075, 8.253520531255788]",-32.27704381280469,-27.95848040840194
98_A3_16_8F_18_38,940,"[0.2181035857214684, 3.1009829886212064, -41.92119708705615]","[-0.0018395606909982639, 0.11293930781594336, 8.183040432505019]",-31.924109007111348,-27.514127781035356
98_A3_16_8F_18_38,950,"[0.2185069813965655, 3.1673735923723614, -41.7715315021757]","[-0.0018068154359723774, 0.11323037568432093, 8.082360168408949]",-31.591696017729404,-27.11406592160527
98_A3_16_8F_18_38,960,"[0.21797992125902022, 3.2356152132330704, -41.64193313974944]","[-0.00177027330902919, 0.11381107876842281, 7.993901069024713]",-31.28116113464353,-26.73990459167952
98_A3_16_8F_18_38,970,"[0.22122254080725837, 3.270887618618309, -41.47585673025546]","[-0.0017648637917709316, 0.11289233831423855, 7.8958394919140655]",-30.995785413812595,-26.399587509819966
98_A3_16_8F_18_38,980,"[0.2246433718802513, 3.282209174905045, -41.243878766350946]","[-0.0017840933823430006, 0.11162290442143968, 7.810645341874567]",-30.708061319675796,-26.079295596275074
98_A3_16_8F_18_38,990,"[0.22958934810549114, 3.2541455255098426, -40.89179565757603]","[-0.0018481358490097406, 0.10930395079034094, 7.729600113537623]",-30.395704488121982,-25.76343189545745
98_A3_16_8F_18_38,1000,"[0.22754381373000498, 3.267168154147396, -40.57433652719742]","[-0.0018704982038196048, 0.10955866018524615, 7.6825460777642585]",-30.057980425402874,-25.42576914522803
B4_3A_45_8A_BC_30,700,"[0.10990002778084691, 4.213136443549223, -36.21121501163954]","[-0.0010102499745553275, 0.1600967307612095, 7.131698011609087]",-23.99587422018648,-19.17396147380953
B4_3A_45_8A_BC_30,710,"[0.12925372353078143, 4.142235379234409, -36.819128144432185]","[-0.0011511670661989, 0.15061779522282365, 7.121176028464581]",-24.65385997203623,-19.780058252902922
B4_3A_45_8A_BC_30,720,"[0.14799133354534366, 4.076424503932717, -37.434043931554164]","[-0.001263045525880439, 0.14214944535075852, 7.114353314556804]",-25.30958197768739,-20.382764183612313
B4_3A_45_8A_BC_30,730,"[0.17693654394373678, 3.937203294145846, -37.93550437656862]","[-0.0014538850319628584, 0.1301670206139936, 7.068611303578908]",-25.97578970851375,-21.00391333947749
B4_3A_45_8A_BC_30,740,"[0.2000290778463393, 3.8280210020880254, -38.472842324944885]","[-0.0015777194418043071, 0.12116725781577321, 7.052634747948523]",-26.639448858649196,-21.62977228859188
B4_3A_45_8A_BC_30,750,"[0.22310829820460604, 3.7045720636599073, -38.975441749042965]","[-0.0016859054824394453, 0.11312995801311929, 7.049803684242707]",-27.30710191443383,-22.273701820572267
B4_3A_45_8A_BC_30,760,"[0.24094130605392391, 3.5983813435085805, -39.471350902019665]","[-0.0017559701414033555, 0.10727514825900757, 7.074007818278058]",-27.959801865351764,-22.91866717111656
B4_3A_45_8A_BC_30,770,"[0.27103564028397986, 3.375998459827591, -39.728714490039266]","[-0.0019385940744133057, 0.09699810421323928, 7.058980797475038]",-28.598691586032736,-23.58685577656479
B4_3A_45_8A_BC_30,780,"[0.3000378998949948, 3.139848182096008, -39.95763768534201]","[-0.002109343755571894, 0.08746347660004695, 7.060660986617596]",-29.25443247663935,-24.2922510138861
B4_3A_45_8A_BC_30,790,"[0.32245755359239253, 2.94277401137809, -40.268294418213834]","[-0.0022104403593838323, 0.08092417570680248, 7.098196020052275]",-29.934360622086768,-25.02480773340632
B4_3A_45_8A_BC_30,800,"[0.35085545187545214, 2.683134933780679, -40.45274269656579]","[-0.0023520429961721625, 0.07259907526824629, 7.120524041606469]",-30.613667550433014,-25.78059945219637
B4_3A_45_8A_BC_30,810,"[0.38306617813968385, 2.3835552520439607, -40.540019740958975]","[-0.0025132478932151014, 0.06322105397231807, 7.128862739999463]",-31.27600289504332,-26.53467168983159
B4_3A_45_8A_BC_30,820,"[0.41536696183152916, 2.0751668218765653, -40.6247668676924]","[-0.0026424206557971444, 0.0549273380229071, 7.149485082174305]",-31.959002415575302,-27.317482934597713
B4_3A_45_8A_BC_30,830,"[0.45192260447097565, 1.7122543185366947, -40.57411739073841]","[-0.002793944386965936, 0.045597986682239224, 7.160947823101559]",-32.62305609893319,-28.108130904801442
B4_3A_45_8A_BC_30,840,"[0.4899211831380219, 1.3097851029493888, -40.380725450673616]","[-0.0029559388007855737, 0.03605215019425649, 7.1733511122929166]",-33.240907058589066,-28.88232112446415
B4_3A_45_8A_BC_30,850,"[0.5211429129957255, 0.9278854860568535, -40.10132639749846]","[-0.0031118289031066876, 0.027650543447127127, 7.203494020812172]",-33.76674566322849,-29.586843678571043
B4_3A_45_8A_BC_30,860,"[0.5345664136699102, 0.6740286191880446, -39.90366442839253]","[-0.0032194169649431763, 0.022819650960320403, 7.271481952846516]",-34.15809910951156,-30.14296435292419
B4_3A_45_8A_BC_30,870,"[0.5233481241524666, 0.611071931529086, -39.84685169785923]","[-0.0032908837152768504, 0.021893911035141808, 7.380280707516631]",-34.35404597847337,-30.471047848891217
B4_3A_45_8A_BC_30,880,"[0.4733164674654311, 0.8939660254630719, -40.23171020513888]","[-0.0032088353056376967, 0.030806662710771135, 7.583392392917739]",-34.33972202781953,-30.493166505583854
B4_3A_45_8A_BC_30,890,"[0.3977777099225837, 1.4377911692313867, -40.943344995047255]","[-0.002961035076373474, 0.04912138040872614, 7.8558683566859795]",-34.13261721743581,-30.226614589969365
B4_3A_45_8A_BC_30,900,"[0.33041215808639995, 1.9626201127082876, -41.51149071542899]","[-0.002664535742760129, 0.06907301949429889, 8.090092040786633]",-33.773527504144795,-29.775428690680485
B4_3A_45_8A_BC_30,910,"[0.27648623716004334, 2.434952996545591, -41.95068530575597]","[-0.0023292096108834394, 0.08859060160125369, 8.250293913063123]",-33.329088610014836,-29.20605906261356
B4_3A_45_8A_BC_30,920,"[0.23764934465274115, 2.8187552871721873, -42.26928189939668]","[-0.0020153616380783274, 0.10464238104515075, 8.329430376227563]",-32.8931410784647,-28.637341166074595
B4_3A_45_8A_BC_30,930,"[0.21803743527750535, 3.048817788038653, -42.3288213262435]","[-0.0018335259629949049, 0.11307392636020196, 8.310510343435064]",-32.47348434488187,-28.115083320974914
B4_3A_45_8A_BC_30,940,"[0.2115702795397775, 3.1761702005804757, -42.271913521239505]","[-0.001744523594986326, 0.11611827534321384, 8.233306040946546]",-32.11912693220292,-27.676391784298033
B4_3A_45_8A_BC_30,950,"[0.20933434303367798, 3.2669701824812516, -42.18174888980212]","[-0.0016876528656855638, 0.11741961122829059, 8.1437103448042]",-31.79946871213808,-27.281703212696588
B4_3A_45_8A_BC_30,960,"[0.20578737060480887, 3.3629670571597905, -42.11707862260967]","[-0.0016240359867980363, 0.11912381426907899, 8.067018910217246]",-31.50084593878117,-26.911178650440927
B4_3A_45_8A_BC_30,970,"[0.20673462111824303, 3.417431537633544, -41.995618392321305]","[-0.001597886735344544, 0.1190867775118559, 7.979118399391106]",-31.22494646555424,-26.57591549165856
B4_3A_45_8A_BC_30,980,"[0.20972139004058962, 3.4347126417801954, -41.793689372871256]","[-0.0016080619320871497, 0.11802431784517273, 7.8964122105290215]",-30.95431577145237,-26.269595113573526
B4_3A_45_8A_BC_30,990,"[0.21261114025083427, 3.4285865047849433, -41.51483744096904]","[-0.001641304486542663, 0.11675845386365791, 7.826778060512544]",-30.67086163918728,-25.974018528261126
B4_3A_45_8A_BC_30,1000,"[0.21186390028115187, 3.434562226864181, -41.21447699307422]","[-0.0016622233990080083, 0.11675780486042564, 7.778235627921978]",-30.359798547051422,-25.661782677657108
58_E6_C5_01_10_FC,700,"[0.14766726586908785, 3.9465072146425366, -35.85321194084975]","[-0.0014345339900004794, 0.14287903764831986, 6.981879594542554]",-24.08294909030706,-19.285591270478857
58_E6_C5_01_10_FC,710,"[0.16104952340983703, 3.90813026955876, -36.51843072934154]","[-0.001496354683403742, 0.13658989358855875, 7.006186452545377]",-24.75395530666374,-19.910274475798403
58_E6_C5_01_10_FC,720,"[0.17996755022559144, 3.8365539182407953, -37.13628227024484]","[-0.001595293334467462, 0.12844889675516938, 7.004472560654776]",-25.426903171494537,-20.53472922485543
58_E6_C5_01_10_FC,730,"[0.20394310984674138, 3.7398803520896546, -37.75282909943164]","[-0.001714836172004682, 0.11879798647159703, 6.980506508156297]",-26.129421243933145,-21.18163780748577
58_E6_C5_01_10_FC,740,"[0.22694419011955408, 3.6210399698136073, -38.27555129008399]","[-0.0018268253622367898, 0.11037136659071284, 6.974861295858987]",-26.805289907978903,-21.8297530150441
58_E6_C5_01_10_FC,750,"[0.25249684874786815, 3.4833983603696583, -38.79326516600337]","[-0.0019409297738596481, 0.10153793079440727, 6.963457887760347]",-27.508352832854168,-22.50749391983655
58_E6_C5_01_10_FC,760,"[0.27180997627364184, 3.3555448437234836, -39.2556160412065]","[-0.002013309716283336, 0.09560372859624389, 6.991442955154062]",-28.175303935631554,-23.178671218170766
58_E6_C5_01_10_FC,770,"[0.2984543402956864, 3.160010454855511, -39.59810558114327]","[-0.0021464263410335993, 0.08706814597711689, 6.995800548461488]",-28.851913016797727,-23.87989152835528
58_E6_C5_01_10_FC,780,"[0.31477358188816523, 3.019449020606652, -40.028227188178406]","[-0.002190078722243978, 0.0829184911459265, 7.056596348485697]",-29.543004300174097,-24.606457830361286
58_E6_C5_01_10_FC,790,"[0.3428329455935025, 2.7741890660681356, -40.27942398729984]","[-0.002325860378325159, 0.07458619133861635, 7.078689562898323]",-30.252603017674815,-25.380561939834244
58_E6_C5_01_10_FC,800,"[0.3755750388595165, 2.476698786809642, -40.425683464147]","[-0.0024832558872613735, 0.06519374678523604, 7.092053548439908]",-30.964365788958524,-26.17867830335775
58_E6_C5_01_10_FC,810,"[0.4059026010827154, 2.1861772270769477, -40.55501808458348]","[-0.002607917738744286, 0.05722171972798146, 7.118720488928516]",-31.65803911158237,-26.96701957607913
58_E6_C5_01_10_FC,820,"[0.44076086074966747, 1.8480649551366615, -40.60360121307022]","[-0.002736546971337124, 0.048706994303839325, 7.140604883217602]",-32.3666129477027,-27.78851278935261
58_E6_C5_01_10_FC,830,"[0.4776075436915386, 1.4694499282692532, -40.521045447665735]","[-0.0028744473130314567, 0.03992115756848512, 7.161701389967828]",-33.03914921010289,-28.60121876009226
58_E6_C5_01_10_FC,840,"[0.5140641779569535, 1.064325149978436, -40.297957199956286]","[-0.003020246554838718, 0.03119562539837965, 7.186144430443076]",-33.64580316383975,-29.376491242601972
58_E6_C5_01_10_FC,850,"[0.5399734520124194, 0.7078587743632788, -40.00063149004113]","[-0.0031624112288225607, 0.0239189312154177, 7.231981348803011]",-34.12379970288201,-30.041557982851863
58_E6_C5_01_10_FC,860,"[0.53912330717578, 0.5668171204496862, -39.93445253224052]","[-0.0032210588180185498, 0.022226905182691156, 7.334276138449025]",-34.44580319199853,-30.507233312142894
58_E6_C5_01_10_FC,870,"[0.5068403421706371, 0.6866327287501082, -40.10551003068428]","[-0.0032254056663691285, 0.025866922186931745, 7.48793820068057]",-34.52914229084452,-30.675606627054865
58_E6_C5_01_10_FC,880,"[0.44000774151868155, 1.1370216643816349, -40.699383705329026]","[-0.0030602748559081165, 0.03977615858122789, 7.727351751533458]",-34.39345939339419,-30.517496587553495
58_E6_C5_01_10_FC,890,"[0.36189261386939126, 1.7337854337732563, -41.40206158733086]","[-0.002767115210530299, 0.06043876607723749, 7.99109707018657]",-34.05293112198452,-30.081762366258893
58_E6_C5_01_10_FC,900,"[0.30259811426554933, 2.221317779776928, -41.81847216218917]","[-0.0024739027731226046, 0.07941544135705193, 8.171012167433304]",-33.58391797022831,-29.50659445374363
58_E6_C5_01_10_FC,910,"[0.2635634883969039, 2.5857081204689116, -41.98452754769522]","[-0.0022227379841483746, 0.09393993163543689, 8.239991566865278]",-33.049447850170125,-28.85963441463629
58_E6_C5_01_10_FC,920,"[0.23713965333501005, 2.871305636573392, -42.06380109156638]","[-0.0020019106140916395, 0.1050113571133313, 8.243708915976221]",-32.54908912594274,-28.244944247665103
58_E6_C5_01_10_FC,930,"[0.2233307138433617, 3.0586852596941467, -42.028010040316616]","[-0.00186211126648092, 0.11108392569855965, 8.189566081758972]",-32.107133002006535,-27.705842078115133
58_E6_C5_01_10_FC,940,"[0.21882914433002185, 3.169388043460354, -41.9223211306313]","[-0.0017906166774979766, 0.1133223066302041, 8.102051785149348]",-31.734667818075586,-27.253040543876132
58_E6_C5_01_10_FC,950,"[0.2202888630699311, 3.2236865363218734, -41.74046559645923]","[-0.0017715760048874118, 0.11310555334295816, 7.998827906656487]",-31.39506433961943,-26.851020808162414
58_E6_C5_01_10_FC,960,"[0.21756365960057708, 3.3085013320609313, -41.64530390037591]","[-0.0017174763098832112, 0.11455111859457916, 7.923105165657043]",-31.090205296333174,-26.480071664632646
58_E6_C5_01_10_FC,970,"[0.21925409671724927, 3.3545652565433413, -41.50258942999358]","[-0.0017011198701580952, 0.11419824039065722, 7.834647804126625]",-30.81035052472494,-26.144429745991623
58_E6_C5_01_10_FC,980,"[0.22128063034989373, 3.3712111955237902, -41.277077972417054]","[-0.0017131588670305968, 0.1134484551282882, 7.760228440721239]",-30.52489937161416,-25.829936697656237
58_E6_C5_01_10_FC,990,"[0.22282469656445705, 3.3731800496889672, -41.00782375497593]","[-0.0017407537900998792, 0.11261197009043143, 7.6976000427936535]",-30.238989933251446,-25.53240822146836
58_E6_C5_01_10_FC,1000,"[0.21907415457144755, 3.3971575509256193, -40.72216047686829]","[-0.0017448459810594727, 0.11367269094109823, 7.6627532302399795]",-29.91589911241698,-25.209331575638643
98_A3_16_8F_58_E8,700,"[0.1335868271179479, 4.056698194988981, -36.11527773238063]","[-0.0012594773766225586, 0.1493555519606641, 7.050103742019205]",-24.14987157830333,-19.332780058340642
98_A3_16_8F_58_E8,710,"[0.1484757861137319, 4.008853807481915, -36.74843261042137]","[-0.001343014953643347, 0.14234069713419745, 7.064756861434384]",-24.803402744368707,-19.939820667335162
98_A3_16_8F_58_E8,720,"[0.17442548286616585, 3.8960628803642043, -37.29768965449278]","[-0.001515723850487764, 0.13094450578126238, 7.025062544928454]",-25.467800248791303,-20.552030740883147
98_A3_16_8F_58_E8,730,"[0.1953934198042405, 3.8129212079253727, -37.891766152126806]","[-0.0016166781570012233, 0.12255831875107609, 7.012778905664413]",-26.133259451083227,-21.167478690338914
98_A3_16_8F_58_E8,740,"[0.2203370293864457, 3.6861865023046603, -38.394068849614506]","[-0.0017474902419633478, 0.11324406100489982, 6.993313060635321]",-26.795841237474328,-21.797862000150168
98_A3_16_8F_58_E8,750,"[0.23663348129940606, 3.609545393745161, -38.97124951922712]","[-0.001788752461372068, 0.10803752719477462, 7.018314594671978]",-27.4610592615233,-22.43600310671963
98_A3_16_8F_58_E8,760,"[0.2607553006094867, 3.4517954443668692, -39.36729295461486]","[-0.0019102561439008883, 0.09996090628377165, 7.01928359197288]",-28.107399251365457,-23.085721433548358
98_A3_16_8F_58_E8,770,"[0.28254660021340244, 3.2944144418367887, -39.74900877876134]","[-0.002005348451476643, 0.09331801221518007, 7.040025282870979]",-28.75550345329131,-23.75146446845266
98_A3_16_8F_58_E8,780,"[0.30563931004161715, 3.1050501282921186, -40.0671918035852]","[-0.0021197626944821813, 0.0861378618616578, 7.06469379237229]",-29.417143329129807,-24.4539479117007
98_A3_16_8F_58_E8,790,"[0.3331328582690523, 2.8663782688046795, -40.303115985708885]","[-0.0022584431663924915, 0.0778633370842949, 7.083791793663678]",-30.09777796562009,-25.19617623745546
98_A3_16_8F_58_E8,800,"[0.36531614004502716, 2.57502083985602, -40.42977292198193]","[-0.0024241121844833418, 0.06834035999695658, 7.092446376470307]",-30.777428193933694,-25.959670927569434
98_A3_16_8F_58_E8,810,"[0.3930754413055526, 2.3137201238277676, -40.60218983825397]","[-0.002534183332950699, 0.061074625627121765, 7.121648778431682]",-31.453886734671908,-26.7182507889074
98_A3_16_8F_58_E8,820,"[0.42772331011797926, 1.9855939237657578, -40.65724153819101]","[-0.0026691466518566384, 0.052361237843284315, 7.136858511508725]",-32.14342926716729,-27.51223812157634
98_A3_16_8F_58_E8,830,"[0.4651517816048925, 1.6165728459409408, -40.60973568488366]","[-0.002805659408246243, 0.04349162626092432, 7.15186319944141]",-32.82076797885402,-28.31668620234265
98_A3_16_8F_58_E8,840,"[0.5027730103516536, 1.2203562715601204, -40.44657199080983]","[-0.002941882725095227, 0.03486567970914901, 7.171896565840437]",-33.45468202740837,-29.103174342495464
98_A3_16_8F_58_E8,850,"[0.5336730386357422, 0.8448065699480858, -40.20239316331496]","[-0.0030697649691018482, 0.02746258198470729, 7.210721604181364]",-34.00090417841225,-29.823870711116925
98_A3_16_8F_58_E8,860,"[0.5466879276083781, 0.5992692542431722, -40.045776960659495]","[-0.0031496640522894926, 0.023608942717021294, 7.286907643621107]",-34.41377019752239,-30.395907649800087
98_A3_16_8F_58_E8,870,"[0.5350135345440722, 0.5392287625351923, -39.98584865988533]","[-0.0032202184872327424, 0.022705072745672555, 7.394472120109904]",-34.60204914294307,-30.716324660468686
98_A3_16_8F_58_E8,880,"[0.4834739045385219, 0.8383830060911435, -40.39709898702958]","[-0.003140714995320664, 0.03146825793859909, 7.593325007000299]",-34.58114248715516,-30.725373652180973
98_A3_16_8F_58_E8,890,"[0.4079044596637166, 1.381769320420628, -41.07714176528482]","[-0.002925436849071152, 0.048440655358398046, 7.848844592341647]",-34.34385908391871,-30.429266101860478
98_A3_16_8F_58_E8,900,"[0.338147027690042, 1.9324951070165228, -41.68551268675735]","[-0.0026297191570020177, 0.06838639751485096, 8.079449123365107]",-33.972405559339094,-29.955323373337222
98_A3_16_8F_58_E8,910,"[0.2867187796901267, 2.3816318159021908, -42.04950830944859]","[-0.002340749827153558, 0.08589555788586145, 8.21575867097945]",-33.49726732976422,-29.36233475818539
98_A3_16_8F_58_E8,920,"[0.2518305532055481, 2.725171544562516, -42.25409462656023]","[-0.0020857827842366058, 0.09953043580770941, 8.269891951179298]",-33.02738487671272,-28.77439754033631
98_A3_16_8F_58_E8,930,"[0.23056153708339375, 2.972503553062384, -42.34961726805122]","[-0.0018933038772861249, 0.10851811480757853, 8.257317234003875]",-32.60909711595938,-28.24696740758928
98_A3_16_8F_58_E8,940,"[0.22218472817864934, 3.1160550710933963, -42.31463388064424]","[-0.00179217601490738, 0.11229407462220826, 8.188815937859937]",-32.24680064004075,-27.79642997985801
98_A3_16_8F_58_E8,950,"[0.21954367339069245, 3.207929871584398, -42.21436306855223]","[-0.001736808131395719, 0.11372535794831029, 8.102280589729203]",-31.91709652608227,-27.393183132756093
98_A3_16_8F_58_E8,960,"[0.21780535196723924, 3.2846169412302872, -42.09666509948926]","[-0.001693836474635678, 0.11471149771526597, 8.019944846777761]",-31.60447416519299,-27.016250593324123
98_A3_16_8F_58_E8,970,"[0.2203462439832695, 3.3234676621634565, -41.9351675501127]","[-0.0016843790637881644, 0.11407069010622425, 7.9269513568530074]",-31.319133190383937,-26.676861386983198
98_A3_16_8F_58_E8,980,"[0.22171705831497884, 3.352162565311504, -41.74662909280784]","[-0.001683969667507052, 0.11365010635968639, 7.852520483071715]",-31.042834578735956,-26.363817080399954
98_A3_16_8F_58_E8,990,"[0.2243252588343866, 3.3467452137188043, -41.45881082415209]","[-0.0017184196358442359, 0.11245646139765039, 7.784137589460007]",-30.75055943802846,-26.060490815212717
98_A3_16_8F_58_E8,1000,"[0.22330645295340967, 3.3516301962620387, -41.140458842566]","[-0.0017451368314043015, 0.11238472740466368, 7.735736000644338]",-30.42645012797859,-25.737982460778095
58_E6_C5_00_FE_C8,700,"[0.15897225755336297, 3.8687319722945044, -35.89999664425208]","[-0.0015609806492289714, 0.13723932566557026, 6.956594097142494]",-24.257447492118864,-19.465443044033506
58_E6_C5_00_FE_C8,710,"[0.17220838123327603, 3.8266783896939676, -36.534145809694664]","[-0.0016173426388028517, 0.13128482156771373, 6.981550601610986]",-24.908412282306415,-20.074607863872906
58_E6_C5_00_FE_C8,720,"[0.18555301228851032, 3.793194487545316, -37.20279195982497]","[-0.0016481803995429761, 0.125968663288054, 7.005320163724124]",-25.56987118957915,-20.685180600159086
58_E6_C5_00_FE_C8,730,"[0.20609052885821683, 3.710129240127342, -37.793210589480836]","[-0.0017410743456546447, 0.11787081223739383, 6.995860388830026]",-26.23462206431975,-21.302545846849046
58_E6_C5_00_FE_C8,740,"[0.232160804001969, 3.5754232465263494, -38.290256454486226]","[-0.00187760258578683, 0.10811343374941546, 6.971323349037448]",-26.905271223913047,-21.94174596936982
58_E6_C5_00_FE_C8,750,"[0.25730026475227175, 3.4326710914901075, -38.76134986213753]","[-0.0019950461289998537, 0.09942313303798149, 6.960446588274726]",-27.578583496007944,-22.597341319681508
58_E6_C5_00_FE_C8,760,"[0.276066817032565, 3.30965758932307, -39.21256854776413]","[-0.002061679420331419, 0.09372204882258053, 6.986850392273593]",-28.225303736205476,-23.246969902381473
58_E6_C5_00_FE_C8,770,"[0.2979369444938276, 3.144913571985828, -39.570093165219085]","[-0.0021623420578102746, 0.08686420831709663, 7.006552571154764]",-28.86857805824794,-23.914610328426427
58_E6_C5_00_FE_C8,780,"[0.3150304588051874, 2.9992376769079985, -39.967470380356254]","[-0.002217368779443807, 0.08224622239007819, 7.058636800740348]",-29.5350970096289,-24.61676269521344
58_E6_C5_00_FE_C8,790,"[0.3406119601034595, 2.7661967711987385, -40.18937402028438]","[-0.0023478756048315994, 0.0745297668309862, 7.08564176805211]",-30.200484263193847,-25.3502173817482
58_E6_C5_00_FE_C8,800,"[0.3722481566939928, 2.477184080297575, -40.31790938847]","[-0.002509263919759046, 0.06510836441030496, 7.095281126576827]",-30.87967532392222,-26.114385690855162
58_E6_C5_00_FE_C8,810,"[0.40406644747529086, 2.1731575644691126, -40.38150256289164]","[-0.0026621700119202688, 0.05606020400208361, 7.107091441708556]",-31.533246988216668,-26.866518089411944
58_E6_C5_00_FE_C8,820,"[0.4347488032705796, 1.8704782793888017, -40.46195548443404]","[-0.0027709243154400006, 0.04865545245967656, 7.13732842388482]",-32.20836045112394,-27.645998075291494
58_E6_C5_00_FE_C8,830,"[0.4705843938620861, 1.5015321872044818, -40.36010882723407]","[-0.0029221128296876148, 0.039490574310406416, 7.1508620639039275]",-32.842836743256875,-28.41750439420314
58_E6_C5_00_FE_C8,840,"[0.5054469586896015, 1.1134636744417317, -40.14128719079467]","[-0.003076239410727758, 0.03057241657238345, 7.16976659120505]",-33.41925825040713,-29.155816809025158
58_E6_C5_00_FE_C8,850,"[0.5293565322968867, 0.783816392613662, -39.89809599541436]","[-0.0032072516032535716, 0.0237859376199082, 7.216931870929115]",-33.89342672667009,-29.803297246764004
58_E6_C5_00_FE_C8,860,"[0.5313435482087457, 0.6259958762060459, -39.81761076670883]","[-0.003273766284037459, 0.021507725311658135, 7.310050013476734]",-34.22575552665329,-30.277953900503466
58_E6_C5_00_FE_C8,870,"[0.5078381653979938, 0.6697766947034804, -39.86594688903259]","[-0.0033182035679126523, 0.022895739286715854, 7.439152035124733]",-34.32790856313121,-30.484645152604266
58_E6_C5_00_FE_C8,880,"[0.44545661456901975, 1.0788268578196263, -40.426354387115545]","[-0.0031569284868081635, 0.036199753987323224, 7.676248414647377]",-34.23806502671014,-30.38499354857693
58_E6_C5_00_FE_C8,890,"[0.37071527369112023, 1.6356818970772893, -41.10307492281819]","[-0.002880615178424522, 0.055878309013930656, 7.941926793673813]",-33.954912467287386,-30.024610553283637
58_E6_C5_00_FE_C8,900,"[0.3085449477036852, 2.13916107459605, -41.60946450324308]","[-0.002563943369644266, 0.07604618391774333, 8.151952129032372]",-33.553783476808725,-29.51972946841711
58_E6_C5_00_FE_C8,910,"[0.2671376130013079, 2.5151489572907866, -41.83914818330636]","[-0.0022965274055445494, 0.09157642154724353, 8.247349436710087]",-33.068935270747616,-28.92590321176409
58_E6_C5_00_FE_C8,920,"[0.23697585621670206, 2.8286138514053607, -42.00812395368002]","[-0.002041563849668119, 0.10440174224551232, 8.28059659015438]",-32.61022469751215,-28.34898088255146
58_E6_C5_00_FE_C8,930,"[0.22205184043823673, 3.022701065458936, -42.01013403492731]","[-0.001889193224965652, 0.11111516840915221, 8.23943125401058]",-32.19608266506981,-27.83811012148211
58_E6_C5_00_FE_C8,940,"[0.2167676782362972, 3.1426164053182553, -41.95442737393551]","[-0.0018047118220580953, 0.11378193607972958, 8.158470128596807]",-31.85439083702217,-27.411956216583842
58_E6_C5_00_FE_C8,950,"[0.21518156700025126, 3.224798000468838, -41.85000366044434]","[-0.001754583765373201, 0.11486217833253326, 8.070142802804053]",-31.539047041934317,-27.025958039877153
58_E6_C5_00_FE_C8,960,"[0.21310098952921, 3.3046297363425965, -41.756677711379204]","[-0.0017044037533088356, 0.11605762729898, 7.992056049271499]",-31.244790734041235,-26.66645458847389
58_E6_C5_00_FE_C8,970,"[0.21601343119330654, 3.3408435207169487, -41.606450992687776]","[-0.0016963955057360254, 0.11524702801947018, 7.899019303607013]",-30.975136773816068,-26.343007568859765
58_E6_C5_00_FE_C8,980,"[0.22044959335965286, 3.3422938872510666, -41.37234059184226]","[-0.0017235828871235163, 0.11357784350540388, 7.813349348199215]",-30.704565953117903,-26.043180392875968
58_E6_C5_00_FE_C8,990,"[0.2208546884574139, 3.3534791773626718, -41.124893054369224]","[-0.0017401768220943624, 0.11323365525230916, 7.756448165810206]",-30.42385730906977,-25.74895920263868
58_E6_C5_00_FE_C8,1000,"[0.2250939949836727, 3.3144463037399676, -40.73131432904166]","[-0.0018148903965818782, 0.11100905801743577, 7.686717600093518]",-30.104892458439572,-25.44168027342843
58_E6_C5_00_FC_50,700,"[0.1378237204803236, 4.039096056032284, -36.368436534053004]","[-0.0012845344366838412, 0.1472751293523005, 7.070806870184425]",-24.41962644637497,-19.593216097262136
58_E6_C5_00_FC_50,710,"[0.16823751330583891, 3.892242758130551, -36.9050361665222]","[-0.0015173352878917361, 0.1334712084004571, 7.020116004919379]",-25.130871540471144,-20.25767407122233
58_E6_C5_00_FC_50,720,"[0.1819589153553851, 3.8579081545304352, -37.61639355852287]","[-0.0015527611592018088, 0.12786487453819928, 7.046137445450063]",-25.83458236824122,-20.908969148232234
58_E6_C5_00_FC_50,730,"[0.20724782373757525, 3.7402698226553186, -38.199262626957555]","[-0.0016827923468175927, 0.11812498362033491, 7.027307564613215]",-26.5505648276852,-21.581664634842205
58_E6_C5_00_FC_50,740,"[0.2357885914363925, 3.5937376500781966, -38.74395305110254]","[-0.001822500250304553, 0.10783792031448995, 7.0014284091184065]",-27.282766986949945,-22.278516618423243
58_E6_C5_00_FC_50,750,"[0.2603235749564101, 3.4548064427131275, -39.27521815838008]","[-0.0019183889670983138, 0.09992894414045535, 7.0048049550821885]",-28.01033659602577,-22.988414277373806
58_E6_C5_00_FC_50,760,"[0.28604308983364496, 3.2764119701685357, -39.67963809599148]","[-0.0020331368142451718, 0.09197957485079288, 7.014701562741815]",-28.709242735418023,-23.700923091505324
58_E6_C5_00_FC_50,770,"[0.3121891942356726, 3.0809865522096596, -40.055391370000514]","[-0.002142686838710447, 0.08429799890841416, 7.0312637794841635]",-29.422474456770942,-24.44178538823015
58_E6_C5_00_FC_50,780,"[0.3373277878841606, 2.8666416448956893, -40.37932925316771]","[-0.002244720514410025, 0.07736398871370685, 7.0658996144066455]",-30.142514330507183,-25.214334046374013
58_E6_C5_00_FC_50,790,"[0.3689706419982014, 2.583681241339945, -40.57989075080238]","[-0.002387084370697909, 0.06856555515559778, 7.086330746636768]",-30.877292799534125,-26.028111732032173
58_E6_C5_00_FC_50,800,"[0.4060983155146835, 2.2327181228018116, -40.61890471709675]","[-0.0025640099309085077, 0.05831453228844321, 7.095339121005885]",-31.594455383257085,-26.8565592055397
58_E6_C5_00_FC_50,810,"[0.43970623510718354, 1.8999138344613664, -40.66408758875673]","[-0.002694148626182225, 0.05000798594030869, 7.12168450381674]",-32.29442409030847,-27.672086067551803
58_E6_C5_00_FC_50,820,"[0.4769813504032908, 1.5175924768201958, -40.587088554058745]","[-0.0028326097118575246, 0.04122902282765558, 7.1448055302394495]",-32.97941208916545,-28.498190941099438
58_E6_C5_00_FC_50,830,"[0.5125285577045977, 1.1226740587511717, -40.40164091155979]","[-0.0029679715089810117, 0.032951202019426945, 7.174826148940366]",-33.60273662754381,-29.285829325300803
58_E6_C5_00_FC_50,840,"[0.5418753589489325, 0.7432078440923213, -40.088007991446766]","[-0.0031145958753038684, 0.025199597397357918, 7.213471325817321]",-34.10150144611757,-29.972655197849733
58_E6_C5_00_FC_50,850,"[0.5487631979863714, 0.520000862660899, -39.857558659217]","[-0.003229954297554484, 0.020892847358803826, 7.293851912216277]",-34.42499561004334,-30.471860959541893
58_E6_C5_00_FC_50,860,"[0.5183851517314132, 0.6184414586647153, -40.02071061608837]","[-0.0032356052734479977, 0.0242079222570769, 7.448443992885618]",-34.544343983640104,-30.68525676295826
58_E6_C5_00_FC_50,870,"[0.4544407362912684, 1.026728840537586, -40.53208203174165]","[-0.003122896999349553, 0.035786267199655296, 7.672467134899509]",-34.41899133840848,-30.56065008304214
58_E6_C5_00_FC_50,880,"[0.3677211617121196, 1.6912402004366986, -41.37730914689388]","[-0.002782277956595716, 0.05904453935823133, 7.97449898093785]",-34.10064944443947,-30.13464026527395
58_E6_C5_00_FC_50,890,"[0.29560425333317997, 2.275118071089441, -41.926115186352604]","[-0.0024252007052378904, 0.08208322716401369, 8.20891020050252]",-33.597156834852555,-29.510945970649217
58_E6_C5_00_FC_50,900,"[0.25098952979218453, 2.6730707851062623, -42.1139968101777]","[-0.002141809971593945, 0.0988141945145743, 8.30932152592175]",-33.03454620784093,-28.83793765005909
58_E6_C5_00_FC_50,910,"[0.22845936527876312, 2.9127927574673356, -41.997425239353475]","[-0.0019763146977345735, 0.10792238024362343, 8.283781987042934]",-32.434021271660534,-28.143647305919316
58_E6_C5_00_FC_50,920,"[0.2110393886598107, 3.1292310431619352, -41.9349329431905]","[-0.0018081174589196977, 0.1156101863168267, 8.234182001167312]",-31.913153256163568,-27.519788373350593
58_E6_C5_00_FC_50,930,"[0.20510404920433833, 3.248770723299322, -41.76691400240658]","[-0.0017305830289194167, 0.11838472138051717, 8.140772112571526]",-31.46494188546997,-26.991569062515573
58_E6_C5_00_FC_50,940,"[0.2009026418216988, 3.355381574656014, -41.66384970284446]","[-0.0016579896461707227, 0.12046531413736751, 8.053209487884391]",-31.103981220287878,-26.552402228057485
58_E6_C5_00_FC_50,950,"[0.20171032117254112, 3.4145639791206492, -41.51388533985486]","[-0.0016312935801872318, 0.12040899494771515, 7.955363433100042]",-30.78782478947773,-26.17313034457838
58_E6_C5_00_FC_50,960,"[0.1957767069606263, 3.5216080238651792, -41.47137532590735]","[-0.0015507631980175394, 0.12300162034208306, 7.896240641044666]",-30.498948501423527,-25.81649137642274
58_E6_C5_00_FC_50,970,"[0.20613073391972694, 3.4885529334061776, -41.17882278615185]","[-0.0016157477437919647, 0.11908620926833892, 7.776006675767532]",-30.219979177704882,-25.504979225194624
58_E6_C5_00_FC_50,980,"[0.2065615089687769, 3.5146924808281668, -40.98304679446628]","[-0.0016143154889524244, 0.11896272505172736, 7.712626398377572]",-29.950256875083028,-25.20691567974767
58_E6_C5_00_FC_50,990,"[0.2087835551929982, 3.5048392391939736, -40.695439694048396]","[-0.0016503750986121132, 0.11788464775458779, 7.652478290017106]",-29.673037391915805,-24.925418769064002
58_E6_C5_00_FC_50,1000,"[0.20806870728358298, 3.5012968284576957, -40.37117869729947]","[-0.001681285087299963, 0.11773574279029056, 7.6080591302545235]",-29.36361178407444,-24.623952828488385
98_A3_16_8F_15_44,700,"[0.1404494853437539, 4.005472441807465, -36.13999950778548]","[-0.0013331170808233064, 0.14624164221886735, 7.041622040876183]",-24.262987714501648,-19.453081564527995
98_A3_16_8F_15_44,710,"[0.16106263446763736, 3.916693344976614, -36.71494950089648]","[-0.0014768451290383079, 0.1366333854005574, 7.031426424705001]",-24.927188689698355,-20.075026681313396
98_A3_16_8F_15_44,720,"[0.18450764921486726, 3.822800475079437, -37.31830890599937]","[-0.0016128287532287753, 0.12653459034774273, 7.005704156968465]",-25.612879842878353,-20.705709751895316
98_A3_16_8F_15_44,730,"[0.1996343121270636, 3.7745299564715578, -37.97026947480283]","[-0.0016524506199496283, 0.12088733355539173, 7.024524147747451]",-26.284627473917105,-21.329893363043496
98_A3_16_8F_15_44,740,"[0.22790471172799798, 3.6287584787726797, -38.4724625595271]","[-0.0018031407391851872, 0.11038163363387045, 6.992901224092271]",-26.974255047992926,-21.985121019049917
98_A3_16_8F_15_44,750,"[0.250412071696366, 3.5040005853310956, -38.98077787601969]","[-0.0018971619125805737, 0.10280204842674781, 6.995533810050186]",-27.65536247075387,-22.647376800580226
98_A3_16_8F_15_44,760,"[0.2690523102837848, 3.3846164144737356, -39.455562621006976]","[-0.0019620410101129854, 0.09711838845155911, 7.022996966636316]",-28.316746684929363,-23.308902132405255
98_A3_16_8F_15_44,770,"[0.29646040615430075, 3.179804187712143, -39.76033567853109]","[-0.0021051058192711075, 0.08831606601718664, 7.023515592953778]",-28.975163279534097,-23.996238051359317
98_A3_16_8F_15_44,780,"[0.31985122229940227, 2.983889891336708, -40.074460289158786]","[-0.002211325355805021, 0.08142689230921676, 7.05309702720045]",-29.64829625012407,-24.71476859693326
98_A3_16_8F_15_44,790,"[0.345087437217826, 2.7546610540521965, -40.32054321812633]","[-0.002332979682124678, 0.07397400125420232, 7.083336311748707]",-30.330071690123706,-25.463038910537783
98_A3_16_8F_15_44,800,"[0.377623177130464, 2.4543432267141316, -40.42663062017635]","[-0.00249536478562097, 0.06457272197089424, 7.094625460726595]",-31.01083282847913,-26.234221704968803
98_A3_16_8F_15_44,810,"[0.4085678016860402, 2.158882172853782, -40.52423315898574]","[-0.0026295911260130547, 0.05622238950980376, 7.113950299299367]",-31.681625218779732,-27.000655214141972
98_A3_16_8F_15_44,820,"[0.4410199864371869, 1.8371368135398962, -40.563684193598306]","[-0.0027499962761368354, 0.048349260670263676, 7.14027442799384]",-32.354389576749696,-27.78538222816266
98_A3_16_8F_15_44,830,"[0.47999999720310776, 1.436681774235919, -40.39375621810716]","[-0.0029217870304159774, 0.038262725299397435, 7.144593513467535]",-32.98305264296774,-28.56225119613567
98_A3_16_8F_15_44,840,"[0.512293838442856, 1.069054678768245, -40.21193489508385]","[-0.0030512397943345784, 0.030489135754698457, 7.175359402944009]",-33.559955905944065,-29.297112758179605
98_A3_16_8F_15_44,850,"[0.5359067824226531, 0.733676142105802, -39.920882595882226]","[-0.0031932203042236507, 0.023479261578621943, 7.220616178610686]",-34.00395914821223,-29.92191048632838
98_A3_16_8F_15_44,860,"[0.5332611076944365, 0.6111871151224918, -39.86773165429932]","[-0.003251252414160571, 0.021996335960120177, 7.321793626586169]",-34.30191679136141,-30.356608695979954
98_A3_16_8F_15_44,870,"[0.5041401981860737, 0.7032461679469304, -39.97023190596835]","[-0.0032800449678565056, 0.024527729148710743, 7.461218939593838]",-34.36867574159417,-30.51578663253416
98_A3_16_8F_15_44,880,"[0.43714259527873245, 1.1561827428846165, -40.58386250747415]","[-0.0030952887110320183, 0.03922172539833724, 7.708962943328444]",-34.247060685831585,-30.37028090851022
98_A3_16_8F_15_44,890,"[0.36103857135391443, 1.7318732529424237, -41.27163060418466]","[-0.002802606935668979, 0.05967754940941845, 7.974471367569831]",-33.93394157196208,-29.97000685444499
98_A3_16_8F_15_44,900,"[0.29872559137749555, 2.2409855814032356, -41.76617044644234]","[-0.0024743508624395618, 0.08029558494899984, 8.181237172144042]",-33.506754145923054,-29.434437228102205
98_A3_16_8F_15_44,910,"[0.2594320693650174, 2.6000278990566756, -41.94454932272221]","[-0.002220644688666424, 0.09503921453455255, 8.261984742949227]",-33.00098885566673,-28.823051907209845
98_A3_16_8F_15_44,920,"[0.23125563691397474, 2.895724629930451, -42.066198867220066]","[-0.00198252782666634, 0.10698761043869892, 8.282653751253681]",-32.52850968733608,-28.237332005181646
98_A3_16_8F_15_44,930,"[0.21838891101760813, 3.0725339053429015, -42.03586635469571]","[-0.0018479131986566474, 0.11275559021507141, 8.230265885796735]",-32.113727377143846,-27.729859628879844
98_A3_16_8F_15_44,940,"[0.21072493273771975, 3.2119148935086055, -42.01503084560796]","[-0.0017424399029699568, 0.11640824721487124, 8.160326016350657]",-31.77164521481283,-27.299154582279108
98_A3_16_8F_15_44,950,"[0.20815482823687254, 3.2999332913702855, -41.91834410261077]","[-0.001686094492452098, 0.11782580898511986, 8.077086088752763]",-31.455448185387976,-26.912752129137225
98_A3_16_8F_15_44,960,"[0.2097769079355312, 3.346376561934844, -41.76054238108806]","[-0.0016708905762926377, 0.11742519941359932, 7.9833806564163465]",-31.159980175983776,-26.561553793622164
98_A3_16_8F_15_44,970,"[0.21200412442572103, 3.389157131930406, -41.63416479234255]","[-0.001655297937524198, 0.11688733257053455, 7.894457214375587]",-30.901417283989147,-26.2470562521894
98_A3_16_8F_15_44,980,"[0.21573544250734514, 3.3918470642830507, -41.39610837274106]","[-0.001679952607754245, 0.11547814129761802, 7.814291297939784]",-30.628712637464226,-25.948301848197822
98_A3_16_8F_15_44,990,"[0.2181750408421373, 3.385659949200802, -41.121999863557946]","[-0.0017140189804339906, 0.11431724949419103, 7.750009195658727]",-30.35346826457433,-25.66381921734453
98_A3_16_8F_15_44,1000,"[0.21733840447953232, 3.391042061909665, -40.83293061745331]","[-0.0017359255355028729, 0.11430968012860238, 7.704518589301938]",-30.055959489859557,-25.366280813003776
58_E6_C5_00_F6_64,700,"[0.19331759022451142, 3.6151664227831755, -35.429365490034776]","[-0.0020218062498698506, 0.11908760807157451, 6.780482625236626]",-24.22161184539242,-19.462819131517918
58_E6_C5_00_F6_64,710,"[0.2099283706911565, 3.550197207912189, -36.05416309657975]","[-0.0020926970079127734, 0.11202008170821588, 6.795120338956833]",-24.9005335925931,-20.101243636167485
58_E6_C5_00_F6_64,720,"[0.21899647177188578, 3.5457848184813687, -36.79826409237182]","[-0.0020383487318416456, 0.10983485169732818, 6.851757113987197]",-25.590082315725642,-20.738224211991422
58_E6_C5_00_F6_64,730,"[0.23668274578171591, 3.4789721540087037, -37.44320778487455]","[-0.0020747021703632893, 0.1038626273144791, 6.867850424295209]",-26.286255132448403,-21.38895993090751
58_E6_C5_00_F6_64,740,"[0.25796648747550327, 3.382368398469896, -38.04843514160638]","[-0.0021334143879825893, 0.09691968117263887, 6.873268656375522]",-26.99700522517349,-22.060921323275416
58_E6_C5_00_F6_64,750,"[0.277475094276171, 3.2755782449287016, -38.60519360420432]","[-0.002179313062336682, 0.09119286931927727, 6.897630156240572]",-27.699889716374834,-22.746145952552617
58_E6_C5_00_F6_64,760,"[0.2994285917571101, 3.134027794854186, -39.0815903172032]","[-0.002249356938702471, 0.08477982088500116, 6.918639203478543]",-28.39861539243953,-23.445965715207926
58_E6_C5_00_F6_64,770,"[0.32065287387930735, 2.972010591279668, -39.48453411913366]","[-0.0023224757055258223, 0.07884143062675296, 6.952308597943743]",-29.0846608803735,-24.157754993094954
58_E6_C5_00_F6_64,780,"[0.34241433155141904, 2.7880050867420216, -39.857220949457044]","[-0.00239726862333838, 0.0729778042041923, 6.99545862388775]",-29.796055423370053,-24.913089696591292
58_E6_C5_00_F6_64,790,"[0.37109556598040505, 2.5322878319178916, -40.10043706404708]","[-0.0025215784639769285, 0.06492886288361818, 7.021768515583572]",-30.521431839208944,-25.709326529600787
58_E6_C5_00_F6_64,800,"[0.3995728745637041, 2.264459300215586, -40.313447770574825]","[-0.002625740241552782, 0.05770013811239811, 7.0587770593198655]",-31.250896290279677,-26.52280998355947
58_E6_C5_00_F6_64,810,"[0.4319527956367417, 1.9492900663765242, -40.39998050889593]","[-0.002751198968205778, 0.04952492250008293, 7.084925697161626]",-31.953463822320685,-27.331343519101395
58_E6_C5_00_F6_64,820,"[0.46480959861186444, 1.6207542429500785, -40.46803180145719]","[-0.0028458066682406635, 0.04240617020921064, 7.122565222836881]",-32.67025007367697,-28.164214017954418
58_E6_C5_00_F6_64,830,"[0.5015288145576392, 1.231314054459799, -40.3423710707015]","[-0.0029746741104437913, 0.03405384439514367, 7.149610825708338]",-33.329931235626624,-28.975482289061823
58_E6_C5_00_F6_64,840,"[0.5331387562673666, 0.8538891451295342, -40.124946611432584]","[-0.0030965863028137113, 0.02670954162661869, 7.189948389718296]",-33.902779735908005,-29.720190058767383
58_E6_C5_00_F6_64,850,"[0.5499227717618419, 0.5636533399157141, -39.880952474072735]","[-0.0032119739258128933, 0.021290660346684642, 7.256166977269124]",-34.32167254918909,-30.3184467632355
58_E6_C5_00_F6_64,860,"[0.5367882427280961, 0.5195308486741542, -39.88861854064025]","[-0.0032560856724068864, 0.021394769805262545, 7.3765444250614705]",-34.54514707712586,-30.667607840799274
58_E6_C5_00_F6_64,870,"[0.48862994623302497, 0.7829862580173794, -40.22623457559822]","[-0.0032105317121925337, 0.028591087941022327, 7.561142912181817]",-34.522483233659685,-30.68869861930314
58_E6_C5_00_F6_64,880,"[0.4096459544239922, 1.3619346807503638, -40.98208108197755]","[-0.002960296549860065, 0.04717270288112814, 7.831493234102398]",-34.28974028622961,-30.38367504583549
58_E6_C5_00_F6_64,890,"[0.33293903758482374, 1.9682135733177146, -41.623689747393904]","[-0.0026330822341850586, 0.06930698374739584, 8.082225156720886]",-33.85204820248583,-29.832608769969656
58_E6_C5_00_F6_64,900,"[0.2836718729656516, 2.3861408146277667, -41.85280545591645]","[-0.0023743728457293408, 0.08593322631396495, 8.207072174031557]",-33.31069848114909,-29.19046054558563
58_E6_C5_00_F6_64,910,"[0.2543960490258823, 2.676979652282506, -41.84460446282962]","[-0.002179118935980741, 0.09715896848895746, 8.21942425267967]",-32.72958662088409,-28.50777062272946
58_E6_C5_00_F6_64,920,"[0.23476936687291847, 2.9076037939592747, -41.799172038757916]","[-0.0020075707983063735, 0.10557610770579502, 8.184899944205835]",-32.20354542156913,-27.878670126937525
58_E6_C5_00_F6_64,930,"[0.22694406177039123, 3.0407738827220894, -41.64217233245411]","[-0.0019212553783471329, 0.10916012240443332, 8.102762248610567]",-31.74330158544319,-27.33690745055901
58_E6_C5_00_F6_64,940,"[0.22489440561966537, 3.130345880606558, -41.4987439644978]","[-0.0018691920315563543, 0.11046936661761468, 8.00638110753937]",-31.372338977549692,-26.890950155735034
58_E6_C5_00_F6_64,950,"[0.22588866068804936, 3.1854138451686937, -41.31984933874731]","[-0.0018484355350815334, 0.11045056893815694, 7.909084931015706]",-31.037026134062934,-26.495386791366567
58_E6_C5_00_F6_64,960,"[0.22593186596532758, 3.2442207708061197, -41.17765973515254]","[-0.001819786080442118, 0.11080993831526045, 7.825089957144681]",-30.7352675762179,-26.13567759788969
58_E6_C5_00_F6_64,970,"[0.23052300650559546, 3.261413807985699, -40.978697995022586]","[-0.00183274518531172, 0.10931224333077985, 7.729075254805996]",-30.456076934360382,-25.810817348706383
58_E6_C5_00_F6_64,980,"[0.23016204721649017, 3.2989703975292866, -40.81068714717012]","[-0.0018225262264713246, 0.10952894036951896, 7.667370903865643]",-30.189008064543785,-25.509176642550326
58_E6_C5_00_F6_64,990,"[0.23515266586345854, 3.2674993805642925, -40.476498535541225]","[-0.0018897240965448394, 0.10713892389304552, 7.592789469323311]",-29.903445665766554,-25.22316932054124
58_E6_C5_00_F6_64,1000,"[0.23282508353701414, 3.2819679543526616, -40.19677245732639]","[-0.0019077750024618185, 0.10749764298141787, 7.552920711689397]",-29.601607371926306,-24.921743766144353
98_A3_16_8F_EA_5C,700,"[0.12107789960384473, 4.133813110274016, -36.03189996424447]","[-0.0011338873191498065, 0.1552582308381979, 7.077243287804979]",-23.949397417212765,-19.135154043049837
98_A3_16_8F_EA_5C,710,"[0.13241759040243342, 4.108748255348618, -36.69804763328819]","[-0.001187107186906975, 0.14972360640787696, 7.10958383716675]",-24.600261942205698,-19.739454337358953
98_A3_16_8F_EA_5C,720,"[0.16653759597386142, 3.941076960920639, -37.16539645349184]","[-0.001458394034177015, 0.13422524101255615, 7.030959558645895]",-25.27145275952138,-20.361023059694915
98_A3_16_8F_EA_5C,730,"[0.17434687562931878, 3.9465261457313647, -37.899557372721006]","[-0.0014357355703680968, 0.1313774996211354, 7.079083578781678]",-25.93358738008648,-20.968815230354636
98_A3_16_8F_EA_5C,740,"[0.20994183479739892, 3.754389968774196, -38.321025864604316]","[-0.0016724312127384846, 0.11724297837619328, 7.009738841167531]",-26.614333373995315,-21.614680706678637
98_A3_16_8F_EA_5C,750,"[0.22625441841983673, 3.6776230056267085, -38.89750160882219]","[-0.0017209334513247365, 0.11181153673764668, 7.034033514042747]",-27.27906899072141,-22.252361632670773
98_A3_16_8F_EA_5C,760,"[0.2498199364139912, 3.529558621042753, -39.326814797635976]","[-0.0018384719284093797, 0.10379959560583786, 7.035995069176029]",-27.93652939396746,-22.90719088659522
98_A3_16_8F_EA_5C,770,"[0.27475841018321, 3.3491656352020205, -39.67057001115512]","[-0.001968584824545047, 0.09567120966164251, 7.042610806195223]",-28.5859106765995,-23.57703552716303
98_A3_16_8F_EA_5C,780,"[0.29591332958618594, 3.177533893645151, -40.02834038707779]","[-0.002065430100886498, 0.08927106537741744, 7.076149460641044]",-29.253328064033248,-24.28006212687051
98_A3_16_8F_EA_5C,790,"[0.3236717060850834, 2.937410516971796, -40.26275780410587]","[-0.0022149986761503793, 0.0805953676914314, 7.0923926838301234]",-29.93444458920124,-25.022534420925968
98_A3_16_8F_EA_5C,800,"[0.35513539864597626, 2.6550658908311693, -40.41314328311508]","[-0.0023779782790199454, 0.07120965858303804, 7.103015991606625]",-30.618693371130313,-25.786302559553004
98_A3_16_8F_EA_5C,810,"[0.38510243649122067, 2.374807395822678, -40.544448548246294]","[-0.0025148544609390378, 0.06287025156990926, 7.122358561530983]",-31.28918836242415,-26.543661223404392
98_A3_16_8F_EA_5C,820,"[0.4198030208950911, 2.045272221764826, -40.591727261475256]","[-0.00266278550982994, 0.05370285532549751, 7.13437214288837]",-31.974386888842336,-27.33435575969741
98_A3_16_8F_EA_5C,830,"[0.45488035759973994, 1.6950371833778621, -40.57419898532198]","[-0.002794480862824392, 0.04522587595698658, 7.155427051432405]",-32.648071771117486,-28.131475828960724
98_A3_16_8F_EA_5C,840,"[0.495502971887367, 1.271953586739484, -40.353478848759906]","[-0.0029683589675979253, 0.0349741621960523, 7.159709842217008]",-33.27517585362244,-28.91867438393665
98_A3_16_8F_EA_5C,850,"[0.5297206938975657, 0.8615469766634737, -40.02195952612896]","[-0.0031393385140264483, 0.02579907086775925, 7.182374926613032]",-33.80412134144785,-29.635466573273924
98_A3_16_8F_EA_5C,860,"[0.5417000571079661, 0.6219616587355542, -39.872580100198505]","[-0.003223224987490261, 0.02189660895952476, 7.260677140560374]",-34.215699893850186,-30.206875346589513
98_A3_16_8F_EA_5C,870,"[0.5311106434991781, 0.5472831767396164, -39.781981397347074]","[-0.003309063345534377, 0.020395087394728673, 7.365448982772568]",-34.40499211395785,-30.535855519054195
98_A3_16_8F_EA_5C,880,"[0.47857973215023236, 0.8504626702385912, -40.20579348662434]","[-0.003217961817518379, 0.029811069245003853, 7.575573487055912]",-34.393016238695814,-30.556106800702892
98_A3_16_8F_EA_5C,890,"[0.40126815559610945, 1.4041361872425917, -40.91307311095389]","[-0.0029789430015325813, 0.04803738330888866, 7.849728106771925]",-34.16788740546049,-30.272994480434566
98_A3_16_8F_EA_5C,900,"[0.3286565177402886, 1.9766611522135265, -41.566330532634126]","[-0.0026463910325979258, 0.06987192004967095, 8.104158466292677]",-33.80321853298519,-29.802363263967763
98_A3_16_8F_EA_5C,910,"[0.2753486889542454, 2.439970452617227, -41.953914982415455]","[-0.0023263929733854313, 0.08892132266314813, 8.25763628157036]",-33.327073014346254,-29.206259513110542
98_A3_16_8F_EA_5C,920,"[0.23782303948538763, 2.8099620063828903, -42.21190312683818]","[-0.0020291969867969354, 0.10437059409952269, 8.326894613619414]",-32.85830115442659,-28.610036136316857
98_A3_16_8F_EA_5C,930,"[0.2168099948903935, 3.0552171492542155, -42.28908097789652]","[-0.0018313595254293622, 0.11350906152146735, 8.311008080269168]",-32.42541568324195,-28.06843930264037
98_A3_16_8F_EA_5C,940,"[0.21048309544259783, 3.1828776534004164, -42.21416350353273]","[-0.0017442911686138375, 0.11645785738812205, 8.228238028011328]",-32.05118569913576,-27.608692999836297
98_A3_16_8F_EA_5C,950,"[0.20784256226135917, 3.276847673255553, -42.110067488340306]","[-0.0016849971406058453, 0.11793160888974766, 8.137447697640171]",-31.71197859763486,-27.19388484003334
98_A3_16_8F_EA_5C,960,"[0.20593535036167587, 3.358159987007014, -41.99801323661269]","[-0.0016368753188815215, 0.11897911296548735, 8.051154697455651]",-31.393713125219904,-26.807832283149367
98_A3_16_8F_EA_5C,970,"[0.2082204829258001, 3.4063336793316634, -41.86758283542345]","[-0.001618822957191869, 0.11840015924276054, 7.953884654542497]",-31.116067845166782,-26.468599238936974
98_A3_16_8F_EA_5C,980,"[0.2096522056883355, 3.4344671359924424, -41.66940804470431]","[-0.0016189107453648862, 0.11792671236772917, 7.87672464099456]",-30.831206651213723,-26.147160875679585
98_A3_16_8F_EA_5C,990,"[0.20891163937486557, 3.462035932329956, -41.46008338419079]","[-0.001617105959307138, 0.11813648008187964, 7.820727175251484]",-30.552655275874258,-25.84621575048427
98_A3_16_8F_EA_5C,1000,"[0.21235789928382093, 3.4314000395267197, -41.081657884881736]","[-0.0016766773009166366, 0.11646495004083784, 7.754604650089925]",-30.23192004149754,-25.53390624211162
B4_3A_45_80_89_AC,700,"[0.13047105256790312, 4.109661326339776, -36.5865395414602]","[-0.0011851789345118109, 0.1504488050690145, 7.105736588030423]",-24.500556213370537,-19.651066195819375
B4_3A_45_80_89_AC,710,"[0.15297746576343182, 4.011116145702711, -37.168300014626574]","[-0.0013417695649207445, 0.14024926755661363, 7.090610074836704]",-25.18413039381616,-20.290084479847685
B4_3A_45_80_89_AC,720,"[0.1814856346066689, 3.8770137925154016, -37.70907289987931]","[-0.001527483326596905, 0.12828097234350616, 7.049092846470891]",-25.87899350416784,-20.937610418909014
B4_3A_45_80_89_AC,730,"[0.19662955044371405, 3.8310203391692306, -38.3912568901061]","[-0.0015652932066263798, 0.12263174207735754, 7.069442992470541]",-26.574671624646413,-21.58338285732452
B4_3A_45_80_89_AC,740,"[0.22231899082382642, 3.7009480890135977, -38.93136804816179]","[-0.0016902640800181275, 0.11333158917537434, 7.052723935124838]",-27.278630532828906,-22.253737287245674
B4_3A_45_80_89_AC,750,"[0.2565969996392147, 3.4879949792725933, -39.31000965010374]","[-0.0018825774679894793, 0.10143156455784087, 7.013354233628545]",-27.982580838487017,-22.951487867932812
B4_3A_45_80_89_AC,760,"[0.27637500432769974, 3.3568126367889644, -39.78252543685199]","[-0.0019511504951069867, 0.09557006378505754, 7.041940171796968]",-28.665302286930107,-23.63878374489286
B4_3A_45_80_89_AC,770,"[0.3033420407238083, 3.1512417657565943, -40.10551277801628]","[-0.0020808642964667574, 0.0873085074264177, 7.051326951683125]",-29.347222137431,-24.353134357815776
B4_3A_45_80_89_AC,780,"[0.3308458626324444, 2.918707779466267, -40.37474464694819]","[-0.002209112865478034, 0.07935684538084713, 7.073229217070512]",-30.0444674495739,-25.105888693526005
B4_3A_45_80_89_AC,790,"[0.36015689290540187, 2.6527563376412138, -40.57698634009783]","[-0.002348833102178438, 0.07092835412316395, 7.09608682777225]",-30.751965505712164,-25.890333631448236
B4_3A_45_80_89_AC,800,"[0.39182742469982756, 2.355007600442782, -40.713959388442795]","[-0.002484756631094588, 0.06251441155330792, 7.120549432967295]",-31.46300010008195,-26.694698614737277
B4_3A_45_80_89_AC,810,"[0.42627121603695817, 2.019189284765104, -40.74161248141521]","[-0.002632395802795893, 0.05353517595576817, 7.1377759236651235]",-32.147471270342386,-27.492439679617583
B4_3A_45_80_89_AC,820,"[0.4599733749914493, 1.676426135510195, -40.74956110217984]","[-0.0027487960736884815, 0.04575758663617148, 7.168987526921534]",-32.83648371405701,-28.30618693477747
B4_3A_45_80_89_AC,830,"[0.49715712344185864, 1.2783731656769353, -40.575535242851394]","[-0.002891864073526441, 0.03701723907823643, 7.191124515698067]",-33.467716925886215,-29.094540309342676
B4_3A_45_80_89_AC,840,"[0.5282565154430279, 0.9003336043745702, -40.321927465731996]","[-0.003026698177605108, 0.029377548368745, 7.227873391091706]",-34.00979075132597,-29.812279612700337
B4_3A_45_80_89_AC,850,"[0.5436080289620903, 0.6159566350415409, -40.040528434271685]","[-0.0031557469267862763, 0.02376054222044334, 7.291837781892383]",-34.385917953473005,-30.37101212944906
B4_3A_45_80_89_AC,860,"[0.5263694479833461, 0.6077113165269626, -40.090614644252476]","[-0.0031881194806474633, 0.024731908946312785, 7.420548446764847]",-34.584752652244774,-30.68609403293778
B4_3A_45_80_89_AC,870,"[0.4765834058241782, 0.8881984687387278, -40.44133804805769]","[-0.003134897962474334, 0.03246055710279579, 7.608183485878593]",-34.541010494175765,-30.679614222881966
B4_3A_45_80_89_AC,880,"[0.39623769499034045, 1.4826848622320554, -41.2175094375124]","[-0.0028651316125814412, 0.05200283497985382, 7.885829491120442]",-34.296501040321616,-30.35612787460605
B4_3A_45_80_89_AC,890,"[0.32062220974799804, 2.0855957684307844, -41.8658944451301]","[-0.002525731757676347, 0.07440648877780827, 8.135116088921288]",-33.86670192215338,-29.809410019256532
B4_3A_45_80_89_AC,900,"[0.2703931833774866, 2.51640954893662, -42.14041961712299]","[-0.0022421033282715944, 0.09190295217498878, 8.26739500234143]",-33.34291811690261,-29.178223221429544
B4_3A_45_80_89_AC,910,"[0.24105854946971605, 2.810892941712913, -42.16215849843084]","[-0.0020364253586337695, 0.1032924740206241, 8.280689244962817]",-32.78230777781358,-28.51282912460332
B4_3A_45_80_89_AC,920,"[0.22257899990802035, 3.03069058037772, -42.10734898499232]","[-0.0018736898773666379, 0.11114121930034661, 8.241214202705459]",-32.267795664759994,-27.898679216809498
B4_3A_45_80_89_AC,930,"[0.21088514981123072, 3.202117961932405, -42.05582307702107]","[-0.00174513992555921, 0.11633968211707076, 8.17617006595921]",-31.837793071091994,-27.373906306336917
B4_3A_45_80_89_AC,940,"[0.20809931478955143, 3.294078160619896, -41.915836345307575]","[-0.0016910383905798475, 0.11776125928006088, 8.08306318300655]",-31.469203525949254,-26.93259866100447
B4_3A_45_80_89_AC,950,"[0.20475931228175046, 3.3907985531071, -41.844281106775576]","[-0.0016255067911089083, 0.11946508459044215, 8.003273443572011]",-31.16021863736089,-26.549703745592446
B4_3A_45_80_89_AC,960,"[0.20431456020470148, 3.45243395602796, -41.71099895206835]","[-0.0015943453550741563, 0.11985628504886194, 7.920094247511662]",-30.863286322698755,-26.195108130784664
B4_3A_45_80_89_AC,970,"[0.21071377265001434, 3.4520501818166864, -41.47503411315608]","[-0.001624259121013355, 0.11756613771335968, 7.816128617610948]",-30.58143190947025,-25.87347958317426
B4_3A_45_80_89_AC,980,"[0.20750601494384113, 3.510945318228291, -41.34247272715226]","[-0.0015895456635941238, 0.11888132508296191, 7.766102573021033]",-30.312903743733116,-25.567311765280206
B4_3A_45_80_89_AC,990,"[0.21238967394625982, 3.48195039079787, -41.01598145040701]","[-0.0016470642981049454, 0.1167459049207515, 7.692357931890655]",-30.029117697469747,-25.28132327117804
B4_3A_45_80_89_AC,1000,"[0.2086649098150531, 3.500347757721254, -40.715291560604726]","[-0.0016532734802521968, 0.11782798301218689, 7.660480985025664]",-29.705922505915126,-24.963453675669975
